strategy,factor,metric,n,mu,mu_star,sigma
combined,base,cumulative_fake_reposts,80,83.5,1077.2,3066.787731053744
combined,base,fake_repost_share_all,80,0.00041749999999999426,0.005386000000000007,0.015333938655268714
combined,base,fake_repost_share_decisions,80,0.0004176813456265929,0.005386988463692882,0.015336647940258625
combined,base,fake_repost_share_final100,80,-0.001967999999999999,0.004770000000000006,0.010611142746177105
combined,base,participation_rate,80,0.0,0.0,0.0
combined,base,target_share_all,80,-0.0016344999999999992,0.007361499999999998,0.014696788928542403
combined,base,target_share_decisions,80,-0.0016346890293601215,0.007362830727158744,0.014699309936449488
combined,base,target_share_final100,80,-0.005552,0.008692,0.018011860396325217
combined,base,target_unique_reposters_p400,80,3.45,100.05,201.53109506595004
combined,contacts,cumulative_fake_reposts,80,-137.19999999999993,1062.4249999999997,1633.4535356613474
combined,contacts,fake_repost_share_all,80,-0.0006860000000000037,0.005312125000000003,0.008167267678306736
combined,contacts,fake_repost_share_decisions,80,-0.0006862740500304028,0.005313160901874066,0.008168854559052193
combined,contacts,fake_repost_share_final100,80,-0.0010744999999999995,0.0030099999999999997,0.005945428176551436
combined,contacts,participation_rate,80,0.0,0.0,0.0
combined,contacts,target_share_all,80,-0.0013641249999999995,0.008858937499999997,0.013477559279400211
combined,contacts,target_share_decisions,80,-0.0013646273502252097,0.008860689164084596,0.013480239118720197
combined,contacts,target_share_final100,80,-0.0017552499999999992,0.004679499999999999,0.009373224858100132
combined,contacts,target_unique_reposters_p400,80,-19.731249999999992,117.20624999999998,201.4913062130234
combined,memory_half_life,cumulative_fake_reposts,80,-901.7499999999997,1612.5499999999997,2858.1811933775675
combined,memory_half_life,fake_repost_share_all,80,-0.004508749999999991,0.008062750000000011,0.014290905966887842
combined,memory_half_life,fake_repost_share_decisions,80,-0.004509515513756636,0.008064204099907008,0.014293459010545847
combined,memory_half_life,fake_repost_share_final100,80,-0.009422999999999992,0.010435,0.02226929931883576
combined,memory_half_life,participation_rate,80,0.0,0.0,0.0
combined,memory_half_life,target_share_all,80,-0.007411999999999998,0.014348999999999997,0.02402941711920219
combined,memory_half_life,target_share_decisions,80,-0.007413243639907226,0.01435158589728262,0.02403372927095609
combined,memory_half_life,target_share_final100,80,-0.016650999999999996,0.018286999999999994,0.0380620992789282
combined,memory_half_life,target_unique_reposters_p400,80,-211.39999999999995,238.29999999999995,394.5759332354262
combined,mixed_fake_probability,cumulative_fake_reposts,80,227.74999999999991,387.24999999999983,1811.6200282019063
combined,mixed_fake_probability,fake_repost_share_all,80,0.0011387500000000098,0.001936250000000005,0.009058100141009547
combined,mixed_fake_probability,fake_repost_share_decisions,80,0.0011389302132545668,0.0019365759058156233,0.009059548310244045
combined,mixed_fake_probability,fake_repost_share_final100,80,-0.00018699999999999931,0.0030490000000000005,0.012376591665956446
combined,mixed_fake_probability,participation_rate,80,0.0,0.0,0.0
combined,mixed_fake_probability,target_share_all,80,0.0005509999999999998,0.0011479999999999995,0.003998605959613068
combined,mixed_fake_probability,target_share_decisions,80,0.0005511042288725926,0.0011482020649697278,0.003999280961742331
combined,mixed_fake_probability,target_share_final100,80,-0.0001779999999999997,0.0023999999999999994,0.009210916803143452
combined,mixed_fake_probability,target_unique_reposters_p400,80,1.5000000000000004,18.699999999999996,60.16811889734934
combined,source_attribute_contrast,cumulative_fake_reposts,80,-204.1,583.6,957.6642417883213
combined,source_attribute_contrast,fake_repost_share_all,80,-0.0010205000000000051,0.0029179999999999987,0.0047883212089416035
combined,source_attribute_contrast,fake_repost_share_decisions,80,-0.0010206955739639483,0.002918541888562872,0.004789201045632128
combined,source_attribute_contrast,fake_repost_share_final100,80,-0.000878000000000009,0.0025199999999999975,0.006273896574525921
combined,source_attribute_contrast,participation_rate,80,0.0,0.0,0.0
combined,source_attribute_contrast,target_share_all,80,-0.002052,0.0053595000000000005,0.009735437342675707
combined,source_attribute_contrast,target_share_decisions,80,-0.0020523861231986833,0.005360493632159724,0.009737155147513967
combined,source_attribute_contrast,target_share_final100,80,-0.003704,0.004808,0.012855930966392834
combined,source_attribute_contrast,target_unique_reposters_p400,80,-5.8,57.6,102.20634377992768
combined,target_fake_probability,cumulative_fake_reposts,80,247.95,274.75,503.45700858531205
combined,target_fake_probability,fake_repost_share_all,80,0.0012397499999999956,0.0013737499999999993,0.0025172850429265627
combined,target_fake_probability,fake_repost_share_decisions,80,0.0012399767276625908,0.001373999769212858,0.002517737227680873
combined,target_fake_probability,fake_repost_share_final100,80,0.00041500000000000667,0.001923000000000005,0.007253417527123679
combined,target_fake_probability,participation_rate,80,0.0,0.0,0.0
combined,target_fake_probability,target_share_all,80,0.00012950000000000033,0.0007870000000000002,0.002080438062439152
combined,target_fake_probability,target_share_decisions,80,0.00012951768215458306,0.0007871369043815652,0.002080803531131172
combined,target_fake_probability,target_share_final100,80,-0.0006160000000000004,0.0014300000000000005,0.0045390395459832715
combined,target_fake_probability,target_unique_reposters_p400,80,1.75,14.35,35.832769105556885
combined,target_reach,cumulative_fake_reposts,80,177.05,1198.35,2106.3309746294726
combined,target_reach,fake_repost_share_all,80,0.0008852500000000061,0.005991750000000006,0.010531654873147351
combined,target_reach,fake_repost_share_decisions,80,0.0008853315636164746,0.005992808538835245,0.010533510368542566
combined,target_reach,fake_repost_share_final100,80,-0.0023339999999999967,0.006311999999999991,0.015668741889668835
combined,target_reach,participation_rate,80,0.0,0.0,0.0
combined,target_reach,target_share_all,80,0.00027849999999999923,0.010113500000000003,0.017450291579298373
combined,target_reach,target_share_decisions,80,0.0002784378328812158,0.010115325683918144,0.017453428934082457
combined,target_reach,target_share_final100,80,-0.0042390000000000014,0.007951000000000001,0.020391428305894382
combined,target_reach,target_unique_reposters_p400,80,-12.799999999999994,136.3,253.90072813372444
combined,traditional_fake_probability,cumulative_fake_reposts,80,351.54999999999984,419.3499999999998,1079.6320036434352
combined,traditional_fake_probability,fake_repost_share_all,80,0.001757749999999999,0.002096750000000009,0.005398160018217175
combined,traditional_fake_probability,fake_repost_share_decisions,80,0.0017580619189769193,0.002097128327263903,0.005399125861423527
combined,traditional_fake_probability,fake_repost_share_final100,80,0.0028229999999999896,0.003151000000000001,0.010024805235015775
combined,traditional_fake_probability,participation_rate,80,0.0,0.0,0.0
combined,traditional_fake_probability,target_share_all,80,0.0038262499999999985,0.004087249999999998,0.009970355855538753
combined,traditional_fake_probability,target_share_decisions,80,0.003826942425843873,0.004087995374239357,0.009972191658838878
combined,traditional_fake_probability,target_share_final100,80,0.005538999999999997,0.005818999999999997,0.019229943923244782
combined,traditional_fake_probability,target_unique_reposters_p400,80,79.29999999999997,90.29999999999997,212.42686902448165
combined,unknown_fake_probability,cumulative_fake_reposts,80,60.950000000000045,251.65000000000055,872.5911928695026
combined,unknown_fake_probability,fake_repost_share_all,80,0.0003047500000000014,0.0012582500000000124,0.004362955964347511
combined,unknown_fake_probability,fake_repost_share_decisions,80,0.00030480312835548794,0.001258459919426685,0.004363641246306033
combined,unknown_fake_probability,fake_repost_share_final100,80,0.00011099999999999283,0.0016569999999999988,0.006001012488411939
combined,unknown_fake_probability,participation_rate,80,0.0,0.0,0.0
combined,unknown_fake_probability,target_share_all,80,1.5749999999999e-05,0.0015452500000000028,0.005542254436644577
combined,unknown_fake_probability,target_share_decisions,80,1.5757908752064717e-05,0.0015455092455705078,0.005543131837889696
combined,unknown_fake_probability,target_share_final100,80,3.599999999999849e-05,0.0017900000000000034,0.007549995657639807
combined,unknown_fake_probability,target_unique_reposters_p400,80,3.0999999999999996,13.700000000000026,43.70198269116918
combined,wom_receiver_scale,cumulative_fake_reposts,80,44.9,747.8,1945.6872372805597
combined,wom_receiver_scale,fake_repost_share_all,80,0.00022449999999999762,0.0037390000000000027,0.009728436186402798
combined,wom_receiver_scale,fake_repost_share_decisions,80,0.00022456420725225912,0.003739681368593234,0.009730109484258865
combined,wom_receiver_scale,fake_repost_share_final100,80,0.0041250000000000045,0.004881,0.014830164777971003
combined,wom_receiver_scale,participation_rate,80,0.0,0.0,0.0
combined,wom_receiver_scale,target_share_all,80,0.0028477499999999996,0.00614725,0.014798476655693785
combined,wom_receiver_scale,target_share_decisions,80,0.0028482599539821807,0.006148390752719954,0.014801150796091648
combined,wom_receiver_scale,target_share_final100,80,0.009036,0.00963,0.028351257583787683
combined,wom_receiver_scale,target_unique_reposters_p400,80,31.1,90.7,226.9578447446557
credibility,base,cumulative_fake_reposts,80,-30.95,406.95,1474.6842262289942
credibility,base,fake_repost_share_all,80,-0.00015475000000000002,0.002034750000000008,0.007373421131144968
credibility,base,fake_repost_share_decisions,80,-0.0001547491713685633,0.0020351062307007815,0.007374637927374663
credibility,base,fake_repost_share_final100,80,-0.0008409999999999952,0.0018349999999999985,0.006171975782785537
credibility,base,participation_rate,80,0.0,0.0,0.0
credibility,base,target_share_all,80,-0.0011797500000000002,0.00273625,0.00762434640900825
credibility,base,target_share_decisions,80,-0.0011799334307207923,0.0027367221503952735,0.007625550889217537
credibility,base,target_share_final100,80,-0.0024869999999999996,0.003704999999999999,0.010959820334848191
credibility,base,target_unique_reposters_p400,80,-18.35,50.65,127.48741312901879
credibility,contacts,cumulative_fake_reposts,80,126.17499999999995,222.33749999999995,838.1774875483778
credibility,contacts,fake_repost_share_all,80,0.000630875000000002,0.001111687499999991,0.004190887437741895
credibility,contacts,fake_repost_share_decisions,80,0.0006309973700679834,0.0011119109780876432,0.004191790251497462
credibility,contacts,fake_repost_share_final100,80,6.825000000000388e-05,0.0005862499999999971,0.0016467749648358594
credibility,contacts,participation_rate,80,0.0,0.0,0.0
credibility,contacts,target_share_all,80,0.00014896874999999996,0.0009058437499999997,0.001422191975379505
credibility,contacts,target_share_decisions,80,0.00014897781761124548,0.0009060260437199422,0.001422462184824036
credibility,contacts,target_share_final100,80,7.350000000000002e-05,0.0007524999999999998,0.0022077275675812507
credibility,contacts,target_unique_reposters_p400,80,3.149999999999999,19.512499999999996,47.05507142525067
credibility,memory_half_life,cumulative_fake_reposts,80,-112.99999999999997,254.8,558.9376904200966
credibility,memory_half_life,fake_repost_share_all,80,-0.0005650000000000015,0.0012739999999999928,0.0027946884521004678
credibility,memory_half_life,fake_repost_share_decisions,80,-0.0005650934720940785,0.0012742198605327237,0.002795141146447963
credibility,memory_half_life,fake_repost_share_final100,80,-0.0012260000000000025,0.001561999999999997,0.004433589168088584
credibility,memory_half_life,participation_rate,80,0.0,0.0,0.0
credibility,memory_half_life,target_share_all,80,-0.0013474999999999995,0.0021739999999999997,0.004575267993810839
credibility,memory_half_life,target_share_decisions,80,-0.001347727113284709,0.0021743796048849543,0.004576035135264731
credibility,memory_half_life,target_share_final100,80,-0.0030029999999999996,0.0030949999999999997,0.007392925184580871
credibility,memory_half_life,target_unique_reposters_p400,80,-55.94999999999999,59.549999999999976,128.49665316037505
credibility,mixed_fake_probability,cumulative_fake_reposts,80,181.94999999999996,231.14999999999992,1153.1755594384035
credibility,mixed_fake_probability,fake_repost_share_all,80,0.0009097499999999936,0.0011557500000000133,0.005765877797192023
credibility,mixed_fake_probability,fake_repost_share_decisions,80,0.0009099024108895195,0.001155954234483733,0.00576684177283909
credibility,mixed_fake_probability,fake_repost_share_final100,80,0.0001930000000000042,0.000705000000000004,0.0037663333409886854
credibility,mixed_fake_probability,participation_rate,80,0.0,0.0,0.0
credibility,mixed_fake_probability,target_share_all,80,0.0005872499999999999,0.0007507499999999996,0.004009670896246042
credibility,mixed_fake_probability,target_share_decisions,80,0.0005873597283436482,0.0007508960015020791,0.004010502048648627
credibility,mixed_fake_probability,target_share_final100,80,0.0008469999999999994,0.001032999999999999,0.007086139867928661
credibility,mixed_fake_probability,target_unique_reposters_p400,80,6.599999999999997,10.899999999999995,53.71127689622341
credibility,source_attribute_contrast,cumulative_fake_reposts,80,-36.15,300.35,1041.2019235333846
credibility,source_attribute_contrast,fake_repost_share_all,80,-0.00018074999999999897,0.001501749999999999,0.005206009617666908
credibility,source_attribute_contrast,fake_repost_share_decisions,80,-0.0001808003686321783,0.0015020211263932059,0.005206949689032364
credibility,source_attribute_contrast,fake_repost_share_final100,80,-0.0013300000000000054,0.0016299999999999973,0.007707559990856912
credibility,source_attribute_contrast,participation_rate,80,0.0,0.0,0.0
credibility,source_attribute_contrast,target_share_all,80,-0.0006095,0.0015394999999999999,0.005411634887157366
credibility,source_attribute_contrast,target_share_decisions,80,-0.0006096246977864084,0.0015397940824671424,0.005412731326720396
credibility,source_attribute_contrast,target_share_final100,80,-0.0016060000000000002,0.0024800000000000004,0.011742111771770843
credibility,source_attribute_contrast,target_unique_reposters_p400,80,-7.7,29.0,100.19479761122547
credibility,target_fake_probability,cumulative_fake_reposts,80,211.3,224.8,1636.2461236669712
credibility,target_fake_probability,fake_repost_share_all,80,0.0010565000000000116,0.0011240000000000167,0.008181230618334862
credibility,target_fake_probability,fake_repost_share_decisions,80,0.001056667811886422,0.0011241784310681555,0.00818249876127756
credibility,target_fake_probability,fake_repost_share_final100,80,0.0005310000000000043,0.0005370000000000007,0.0022395386052839025
credibility,target_fake_probability,participation_rate,80,0.0,0.0,0.0
credibility,target_fake_probability,target_share_all,80,0.00047950000000000016,0.0005280000000000001,0.0043985302205698015
credibility,target_fake_probability,target_share_decisions,80,0.0004795745853589277,0.000528081966482524,0.004399212060180673
credibility,target_fake_probability,target_share_final100,80,0.0007149999999999998,0.0008030000000000001,0.006477434638317155
credibility,target_fake_probability,target_unique_reposters_p400,80,6.4,8.5,61.94681262935737
credibility,target_reach,cumulative_fake_reposts,80,-14.950000000000026,266.25,529.0081452317335
credibility,target_reach,fake_repost_share_all,80,-7.474999999999266e-05,0.0013312500000000043,0.002645040726158663
credibility,target_reach,fake_repost_share_decisions,80,-7.476772657659994e-05,0.0013314772573153363,0.0026454752952423744
credibility,target_reach,fake_repost_share_final100,80,-0.00021700000000000012,0.001418999999999997,0.003778413169036619
credibility,target_reach,participation_rate,80,0.0,0.0,0.0
credibility,target_reach,target_share_all,80,-7.000000000000143e-06,0.0017279999999999997,0.003426548767447531
credibility,target_reach,target_share_decisions,80,-7.0249901998251035e-06,0.0017283065950202832,0.003427147991467879
credibility,target_reach,target_share_final100,80,-3.7000000000000425e-05,0.0019190000000000001,0.005074639951061691
credibility,target_reach,target_unique_reposters_p400,80,0.39999999999999813,39.19999999999999,92.40877814624
credibility,traditional_fake_probability,cumulative_fake_reposts,80,25.59999999999999,60.59999999999998,141.48235118276241
credibility,traditional_fake_probability,fake_repost_share_all,80,0.00012799999999999682,0.00030300000000000455,0.0007074117559138233
credibility,traditional_fake_probability,fake_repost_share_decisions,80,0.00012802513376751267,0.00030305868544197644,0.0007075519995152035
credibility,traditional_fake_probability,fake_repost_share_final100,80,0.0002579999999999911,0.0004580000000000051,0.0016919873716499095
credibility,traditional_fake_probability,participation_rate,80,0.0,0.0,0.0
credibility,traditional_fake_probability,target_share_all,80,0.00036399999999999985,0.0004614999999999998,0.0013010974919445133
credibility,traditional_fake_probability,target_share_decisions,80,0.00036406916235450166,0.0004615879310654549,0.001301352522671157
credibility,traditional_fake_probability,target_share_final100,80,0.0005359999999999997,0.0006999999999999997,0.002260248446072838
credibility,traditional_fake_probability,target_unique_reposters_p400,80,8.949999999999996,12.849999999999994,42.309259243356124
credibility,unknown_fake_probability,cumulative_fake_reposts,80,-210.15000000000063,299.0500000000008,1964.6277522887926
credibility,unknown_fake_probability,fake_repost_share_all,80,-0.00105075000000001,0.00149525000000001,0.009823138761443967
credibility,unknown_fake_probability,fake_repost_share_decisions,80,-0.0010509113259154184,0.0014954889022605411,0.009824664018028962
credibility,unknown_fake_probability,fake_repost_share_final100,80,1.7999999999999363e-05,0.001168000000000001,0.005389053696785323
credibility,unknown_fake_probability,participation_rate,80,0.0,0.0,0.0
credibility,unknown_fake_probability,target_share_all,80,-0.0005480000000000018,0.0009470000000000025,0.005920875405682884
credibility,unknown_fake_probability,target_share_decisions,80,-0.0005480839003078757,0.0009471502314919187,0.005921793835744982
credibility,unknown_fake_probability,target_share_final100,80,-0.0006490000000000017,0.001721000000000005,0.009494662537913671
credibility,unknown_fake_probability,target_unique_reposters_p400,80,-7.150000000000023,19.25000000000005,97.2465351958361
credibility,wom_receiver_scale,cumulative_fake_reposts,80,-51.35,295.25,1395.2098077332084
credibility,wom_receiver_scale,fake_repost_share_all,80,-0.00025674999999999933,0.001476250000000006,0.006976049038666047
credibility,wom_receiver_scale,fake_repost_share_decisions,80,-0.00025677711396846143,0.0014765008711144702,0.00697715123767286
credibility,wom_receiver_scale,fake_repost_share_final100,80,0.0012069999999999984,0.0013989999999999962,0.004186559688493213
credibility,wom_receiver_scale,participation_rate,80,0.0,0.0,0.0
credibility,wom_receiver_scale,target_share_all,80,0.00052025,0.00090875,0.0031291305764632074
credibility,wom_receiver_scale,target_share_decisions,80,0.0005203536098587092,0.0009089262112613218,0.003129792186578409
credibility,wom_receiver_scale,target_share_final100,80,0.001393,0.001421,0.004250423180718584
credibility,wom_receiver_scale,target_unique_reposters_p400,80,14.25,23.05,82.21205985018331
