condition,strategy,window,window_start,window_end,source,n_pairs,effect,se,ci95_low,ci95_high,cohens_dz,p_value
credibility_p1_d25,CREDIBILITY_CAMOUFLAGE,during,1,25,TRADITIONAL_MEDIA,30,-0.000576000000000008,0.0013513526301578299,-0.0033398264561727933,0.0021878264561727774,-0.07782034732763349,0.673080534215737
credibility_p1_d25,CREDIBILITY_CAMOUFLAGE,during,1,25,UNKNOWN_MEDIA,30,-0.001589333333333329,0.0010238084111957896,-0.0036832566437757447,0.0005045899771090867,-0.2834233790040194,0.1314190936571944
credibility_p1_d25,CREDIBILITY_CAMOUFLAGE,during,1,25,FAKE_NEWS_SOURCE,30,0.002709333333333333,0.0005094380346137408,0.0016674155641114845,0.003751251102555182,0.9709803624383094,1.0474350570894766e-05
credibility_p1_d25,CREDIBILITY_CAMOUFLAGE,during,1,25,MIXED_SOURCE,30,-0.0005439999999999973,0.00041960945169767486,-0.0014021976887311324,0.000314197688731138,-0.23669713990577393,0.2050447791510118
credibility_p1_d25,CREDIBILITY_CAMOUFLAGE,post_1_25,26,50,TRADITIONAL_MEDIA,30,0.004677333333333331,0.0016276404848407783,0.0013484347670017268,0.008006231899664935,0.5246615165731984,0.007517120120033165
credibility_p1_d25,CREDIBILITY_CAMOUFLAGE,post_1_25,26,50,UNKNOWN_MEDIA,30,-0.0027840000000000018,0.0015312080423526765,-0.005915672076491683,0.00034767207649167957,-0.3319513216400172,0.07938164857629054
credibility_p1_d25,CREDIBILITY_CAMOUFLAGE,post_1_25,26,50,FAKE_NEWS_SOURCE,30,-0.0011173333333333332,0.00036679629892382305,-0.0018675159965169039,-0.00036715067014976273,-0.5561567121539255,0.004898832623456532
credibility_p1_d25,CREDIBILITY_CAMOUFLAGE,post_1_25,26,50,MIXED_SOURCE,30,-0.0007760000000000005,0.0005058502799713828,-0.0018105799870785995,0.0002585799870785983,-0.2800780662136198,0.13585585614272042
credibility_p1_d25,CREDIBILITY_CAMOUFLAGE,post_26_50,51,75,TRADITIONAL_MEDIA,30,0.0027893333333333173,0.0021153972444710456,-0.001537139815944705,0.0071158064826113395,0.24073977768806815,0.19762676372340113
credibility_p1_d25,CREDIBILITY_CAMOUFLAGE,post_26_50,51,75,UNKNOWN_MEDIA,30,-0.0014266666666666627,0.0013251135135356475,-0.004136828103740384,0.0012834947704070583,-0.196566182794174,0.29051765875690544
credibility_p1_d25,CREDIBILITY_CAMOUFLAGE,post_26_50,51,75,FAKE_NEWS_SOURCE,30,-0.0005973333333333334,0.000325012089371377,-0.0012620576925671569,6.739102590049006e-05,-0.33554950899336455,0.07634504838792276
credibility_p1_d25,CREDIBILITY_CAMOUFLAGE,post_26_50,51,75,MIXED_SOURCE,30,-0.0007653333333333336,0.0005033505515818752,-0.0017948008018124307,0.0002641341351457636,-0.2775999942517871,0.13922029442721712
credibility_p1_d25,CREDIBILITY_CAMOUFLAGE,post_51_100,76,125,TRADITIONAL_MEDIA,30,0.0001959999999999985,0.00020474688607234455,-0.00022275440052952806,0.000614754400529525,0.17477452824863277,0.34633919838035965
credibility_p1_d25,CREDIBILITY_CAMOUFLAGE,post_51_100,76,125,UNKNOWN_MEDIA,30,1.8666666666670186e-05,8.498780620221736e-05,-0.00015515291379793433,0.0001924862471312747,0.040100475835470606,0.8276907545564512
credibility_p1_d25,CREDIBILITY_CAMOUFLAGE,post_51_100,76,125,FAKE_NEWS_SOURCE,30,-0.0001293333333333333,9.163010765219307e-05,-0.0003167379456154092,5.8071278948742584e-05,-0.2576983552643682,0.16874511947254178
credibility_p1_d25,CREDIBILITY_CAMOUFLAGE,post_51_100,76,125,MIXED_SOURCE,30,-8.533333333333322e-05,7.730479061054997e-05,-0.0002434393825688919,7.277271590222545e-05,-0.20153555471630122,0.27873129696629667
credibility_p1_d100,CREDIBILITY_CAMOUFLAGE,during,1,100,TRADITIONAL_MEDIA,30,0.00312133333333335,0.0015109652645416236,3.1062386059940196e-05,0.00621160428060676,0.3771594922971554,0.04788567938091289
credibility_p1_d100,CREDIBILITY_CAMOUFLAGE,during,1,100,UNKNOWN_MEDIA,30,-0.0028846666666666678,0.0011900247011184398,-0.005318540460264211,-0.00045079287306912415,-0.44256700518670355,0.02181430023700304
credibility_p1_d100,CREDIBILITY_CAMOUFLAGE,during,1,100,FAKE_NEWS_SOURCE,30,0.0008340000000000002,0.0002907811911892262,0.00023928568840513812,0.0014287143115948623,0.5236475934488775,0.007620209951586237
credibility_p1_d100,CREDIBILITY_CAMOUFLAGE,during,1,100,MIXED_SOURCE,30,-0.001070666666666665,0.00035683890996195345,-0.001800484182787175,-0.00034084915054615524,-0.5477992716327961,0.005493429343860059
credibility_p1_d100,CREDIBILITY_CAMOUFLAGE,post_1_25,101,125,TRADITIONAL_MEDIA,30,0.0002480000000000075,0.0008344609933515679,-0.0014586643588061195,0.0019546643588061346,0.054260652622283564,0.768433955290508
credibility_p1_d100,CREDIBILITY_CAMOUFLAGE,post_1_25,101,125,UNKNOWN_MEDIA,30,6.66666666666669e-05,0.0004589256152215884,-0.0008719416051185129,0.0010052749384518466,0.02652197215691866,0.8855051767089189
credibility_p1_d100,CREDIBILITY_CAMOUFLAGE,post_1_25,101,125,FAKE_NEWS_SOURCE,30,-0.0001573333333333331,0.0002228833689815872,-0.000613181006312876,0.0002985143396462097,-0.12887908761116085,0.48588296338769493
credibility_p1_d100,CREDIBILITY_CAMOUFLAGE,post_1_25,101,125,MIXED_SOURCE,30,-0.00015733333333333335,0.0002487739745661831,-0.0006661332403072582,0.00035146657364059156,-0.1154662793330369,0.5320579335197964
credibility_p1_d100,CREDIBILITY_CAMOUFLAGE,post_26_50,126,150,TRADITIONAL_MEDIA,30,-0.0008559999999999855,0.0009297783198902519,-0.002757610180451871,0.0010456101804519004,-0.1680868436395161,0.36482900303754995
credibility_p1_d100,CREDIBILITY_CAMOUFLAGE,post_26_50,126,150,UNKNOWN_MEDIA,30,0.0007706666666666675,0.0006172685351161558,-0.0004917892385087256,0.0020331225718420607,0.22794591205010245,0.22182962423503014
credibility_p1_d100,CREDIBILITY_CAMOUFLAGE,post_26_50,126,150,FAKE_NEWS_SOURCE,30,6.133333333333312e-05,0.00018922451138478927,-0.00032567424636891504,0.00044834091303558126,0.059177763577956295,0.7481659305356889
credibility_p1_d100,CREDIBILITY_CAMOUFLAGE,post_26_50,126,150,MIXED_SOURCE,30,2.4000000000000265e-05,0.00022138207467748116,-0.0004287771813672199,0.0004767771813672204,0.019792842155016126,0.9144172041569324
credibility_p1_d100,CREDIBILITY_CAMOUFLAGE,post_51_100,151,200,TRADITIONAL_MEDIA,30,-0.00015733333333333154,0.0001327472175030027,-0.00042883187748110987,0.0001141652108144468,-0.2163887558501829,0.24555610614431025
credibility_p1_d100,CREDIBILITY_CAMOUFLAGE,post_51_100,151,200,UNKNOWN_MEDIA,30,0.00010666666666666833,7.705697747626688e-05,-5.0932547800944735e-05,0.0002642658811342814,0.2527296094426267,0.1768403740542563
credibility_p1_d100,CREDIBILITY_CAMOUFLAGE,post_51_100,151,200,FAKE_NEWS_SOURCE,30,5.33333333333329e-06,2.0721099987074278e-05,-3.704607457782659e-05,4.7712741244493174e-05,0.046992147701024306,0.7986979298278181
credibility_p1_d100,CREDIBILITY_CAMOUFLAGE,post_51_100,151,200,MIXED_SOURCE,30,4.5333333333333335e-05,4.533333333333333e-05,-4.738374377668252e-05,0.0001380504104433492,0.18257418583505539,0.3255819880161935
credibility_p1_permanent,CREDIBILITY_CAMOUFLAGE,during,1,400,TRADITIONAL_MEDIA,30,0.001476499999999988,0.00043650816308149677,0.0005837405658328149,0.0023692594341671613,0.6175618423317499,0.0020726932988927582
credibility_p1_permanent,CREDIBILITY_CAMOUFLAGE,during,1,400,UNKNOWN_MEDIA,30,-0.0012238333333333337,0.00028041212315493857,-0.0017973405196231801,-0.0006503261470434873,-0.7968285105408079,0.0001475967220491477
credibility_p1_permanent,CREDIBILITY_CAMOUFLAGE,during,1,400,FAKE_NEWS_SOURCE,30,0.0004793333333333333,0.00013751211719510007,0.00019808947509348846,0.0007605771915731781,0.6364085933807068,0.0015825778911338659
credibility_p1_permanent,CREDIBILITY_CAMOUFLAGE,during,1,400,MIXED_SOURCE,30,-0.0007319999999999999,0.00012740685125661985,-0.000992576268800831,-0.00047142373119916876,-1.0489569651327253,3.2097304935709658e-06
credibility_p101_d25,CREDIBILITY_CAMOUFLAGE,during,101,125,TRADITIONAL_MEDIA,30,0.00037866666666667157,0.00028660025961652514,-0.00020749667974397394,0.0009648300130773171,0.24122364181402023,0.1967529192281485
credibility_p101_d25,CREDIBILITY_CAMOUFLAGE,during,101,125,UNKNOWN_MEDIA,30,-0.0008159999999999995,0.0005691262914610286,-0.0019799939614131516,0.00034799396141315243,-0.2617706085216178,0.16233104141114713
credibility_p101_d25,CREDIBILITY_CAMOUFLAGE,during,101,125,FAKE_NEWS_SOURCE,30,0.0005013333333333333,0.00015246309772722836,0.00018951128653023076,0.0008131553801364359,0.6003454378781217,0.0026460614572771613
credibility_p101_d25,CREDIBILITY_CAMOUFLAGE,during,101,125,MIXED_SOURCE,30,-6.400000000000017e-05,0.0002662543939521949,-0.0006085513788591075,0.00048055137885910724,-0.04388565281495986,0.8117333152165095
credibility_p101_d25,CREDIBILITY_CAMOUFLAGE,post_1_25,126,150,TRADITIONAL_MEDIA,30,0.000541333333333352,0.0003997550207669083,-0.00027625748473050305,0.001358924151397207,0.2472351501905009,0.18614328201148728
credibility_p101_d25,CREDIBILITY_CAMOUFLAGE,post_1_25,126,150,UNKNOWN_MEDIA,30,-0.00013066666666666568,0.0003071556321728109,-0.0007588704703345078,0.0004975371370011765,-0.07766864020590404,0.6736791636418943
credibility_p101_d25,CREDIBILITY_CAMOUFLAGE,post_1_25,126,150,FAKE_NEWS_SOURCE,30,-0.00011733333333333314,0.00016172556102274807,-0.00044809924462759876,0.0002134325779609325,-0.13245919611701498,0.4739543622340187
credibility_p101_d25,CREDIBILITY_CAMOUFLAGE,post_1_25,126,150,MIXED_SOURCE,30,-0.00029333333333333343,0.00016588413996738893,-0.0006326044935543276,4.593782688766063e-05,-0.32284638255438175,0.08753024533050109
credibility_p101_d25,CREDIBILITY_CAMOUFLAGE,post_26_50,151,175,TRADITIONAL_MEDIA,30,-1.0666666666669933e-05,0.0001261552895764674,-0.0002686832044202959,0.000247349871086956,-0.015436990305989193,0.9331986653145142
credibility_p101_d25,CREDIBILITY_CAMOUFLAGE,post_26_50,151,175,UNKNOWN_MEDIA,30,-4.2666666666667645e-05,6.181718195351758e-05,-0.0001690969995911126,8.37636662577773e-05,-0.12601402527245545,0.49555101571237464
credibility_p101_d25,CREDIBILITY_CAMOUFLAGE,post_26_50,151,175,FAKE_NEWS_SOURCE,30,2.666666666666665e-05,6.236218522144552e-05,-0.00010087832309640371,0.000154211656429737,0.07807046751670292,0.6720940472822192
credibility_p101_d25,CREDIBILITY_CAMOUFLAGE,post_26_50,151,175,MIXED_SOURCE,30,2.666666666666665e-05,5.8339736922740405e-05,-9.265149260194576e-05,0.00014598482593527906,0.0834533237962496,0.6510101996577767
credibility_p101_d25,CREDIBILITY_CAMOUFLAGE,post_51_100,176,225,TRADITIONAL_MEDIA,30,-0.0005386666666666614,0.0005680043170738721,-0.001700365932805487,0.0006230325994721644,-0.17314415603351538,0.35078791847182134
credibility_p101_d25,CREDIBILITY_CAMOUFLAGE,post_51_100,176,225,UNKNOWN_MEDIA,30,0.0004026666666666661,0.00041102029855440744,-0.00043796423145504133,0.0012432975647883736,0.1788635235002893,0.3353487999205842
credibility_p101_d25,CREDIBILITY_CAMOUFLAGE,post_51_100,176,225,FAKE_NEWS_SOURCE,30,6.26666666666669e-05,7.417118028368138e-05,-8.903042984148695e-05,0.00021436376317482075,0.15425554240749692,0.40508768853048116
credibility_p101_d25,CREDIBILITY_CAMOUFLAGE,post_51_100,176,225,MIXED_SOURCE,30,7.333333333333344e-05,8.33788381505824e-05,-9.719553797882275e-05,0.00024386220464548965,0.16057759888335119,0.386349722502974
credibility_p101_d100,CREDIBILITY_CAMOUFLAGE,during,101,200,TRADITIONAL_MEDIA,30,0.0010439999999999996,0.0003464956253559417,0.0003353368761527198,0.0017526631238472794,0.5501005959772045,0.005323194900484694
credibility_p101_d100,CREDIBILITY_CAMOUFLAGE,during,101,200,UNKNOWN_MEDIA,30,-0.0008086666666666668,0.00016200378407197716,-0.0011400016079883403,-0.0004773317253449933,-0.9113469733090843,2.5961755482332273e-05
credibility_p101_d100,CREDIBILITY_CAMOUFLAGE,during,101,200,FAKE_NEWS_SOURCE,30,0.0004159999999999996,0.00015757180446773569,9.37294747382483e-05,0.0007382705252617508,0.4820079427530743,0.013205024028867182
credibility_p101_d100,CREDIBILITY_CAMOUFLAGE,during,101,200,MIXED_SOURCE,30,-0.0006513333333333331,0.00011385687055764385,-0.0008841967799582925,-0.0004184698867083737,-1.0444398520540794,3.436588503211571e-06
credibility_p101_d100,CREDIBILITY_CAMOUFLAGE,post_1_25,201,225,TRADITIONAL_MEDIA,30,0.0009306666666666797,0.0004820108582106305,-5.5156228375525087e-05,0.0019164895617088844,0.35251427650669986,0.06333672972790622
credibility_p101_d100,CREDIBILITY_CAMOUFLAGE,post_1_25,201,225,UNKNOWN_MEDIA,30,-0.0004400000000000004,0.00019815238534040398,-0.0008452671321574963,-3.47328678425045e-05,-0.40540840136454476,0.034356148354625374
credibility_p101_d100,CREDIBILITY_CAMOUFLAGE,post_1_25,201,225,FAKE_NEWS_SOURCE,30,-0.00021066666666666665,8.520824164624245e-05,-0.00038493708823556796,-3.6396245097765334e-05,-0.4513917246284097,0.019530070851923736
credibility_p101_d100,CREDIBILITY_CAMOUFLAGE,post_1_25,201,225,MIXED_SOURCE,30,-0.00028000000000000014,0.00021815527529246473,-0.000726177635615769,0.00016617763561576878,-0.23433204613219494,0.20948232678227094
credibility_p101_d100,CREDIBILITY_CAMOUFLAGE,post_26_50,226,250,TRADITIONAL_MEDIA,30,0.0001706666666666597,0.00020353594578367357,-0.00024561108288962416,0.0005869444162229436,0.1530900480299711,0.40860357970724465
credibility_p101_d100,CREDIBILITY_CAMOUFLAGE,post_26_50,226,250,UNKNOWN_MEDIA,30,-8.799999999999989e-05,5.745242909743155e-05,-0.00020550341100259432,2.9503411002594526e-05,-0.279649243833332,0.13643328987224154
credibility_p101_d100,CREDIBILITY_CAMOUFLAGE,post_26_50,226,250,FAKE_NEWS_SOURCE,30,-4.799999999999985e-05,5.773980479245874e-05,-0.00016609116029249238,7.009116029249266e-05,-0.15177676737187754,0.41258812648136284
credibility_p101_d100,CREDIBILITY_CAMOUFLAGE,post_26_50,226,250,MIXED_SOURCE,30,-3.4666666666666746e-05,0.00010022014083183324,-0.00023963986943464612,0.00017030653610131265,-0.06315335809497842,0.7319108849987811
credibility_p101_d100,CREDIBILITY_CAMOUFLAGE,post_51_100,251,300,TRADITIONAL_MEDIA,30,3.99999999999993e-05,3.73366172611522e-05,-3.6361956359472714e-05,0.00011636195635947132,0.19559799384934204,0.29285452328765643
credibility_p101_d100,CREDIBILITY_CAMOUFLAGE,post_51_100,251,300,UNKNOWN_MEDIA,30,-1.4666666666666532e-05,1.4666666666666536e-05,-4.4663368084612577e-05,1.533003475127951e-05,-0.18257418583505533,0.3255819880161937
credibility_p101_d100,CREDIBILITY_CAMOUFLAGE,post_51_100,251,300,FAKE_NEWS_SOURCE,30,-8.000000000000022e-06,5.880026585286697e-06,-2.0026004668756712e-05,4.026004668756669e-06,-0.24839912974802164,0.18414134229197163
credibility_p101_d100,CREDIBILITY_CAMOUFLAGE,post_51_100,251,300,MIXED_SOURCE,30,-1.7333333333333322e-05,1.733333333333332e-05,-5.278398046363347e-05,1.811731379696683e-05,-0.1825741858350554,0.3255819880161935
credibility_p101_permanent,CREDIBILITY_CAMOUFLAGE,during,101,400,TRADITIONAL_MEDIA,30,0.0012511111111111065,0.00022972854953365825,0.0007812634719607177,0.0017209587502614952,0.9943065107231487,7.347731501676614e-06
credibility_p101_permanent,CREDIBILITY_CAMOUFLAGE,during,101,400,UNKNOWN_MEDIA,30,-0.0008504444444444439,9.36648100241856e-05,-0.0010420104903306367,-0.0006588783985582512,-1.6577111724488374,5.627417236939274e-10
credibility_p101_permanent,CREDIBILITY_CAMOUFLAGE,during,101,400,FAKE_NEWS_SOURCE,30,0.0002900000000000001,8.492788616995938e-05,0.00011630296976152717,0.0004636970302384731,0.6234290794216691,0.0019062217656147112
credibility_p101_permanent,CREDIBILITY_CAMOUFLAGE,during,101,400,MIXED_SOURCE,30,-0.000690666666666667,8.317615828944343e-05,-0.0008607810111189584,-0.0005205523222143756,-1.5160342451892541,3.7382705326846625e-09
credibility_p201_d25,CREDIBILITY_CAMOUFLAGE,during,201,225,TRADITIONAL_MEDIA,30,5.333333333332376e-05,0.00023342198644255753,-0.00042406823246449285,0.0005307348991311404,0.04171539305102024,0.820873043099229
credibility_p201_d25,CREDIBILITY_CAMOUFLAGE,during,201,225,UNKNOWN_MEDIA,30,-0.0003093333333333339,0.00014943182302240985,-0.0006149557272566946,-3.710939409973181e-06,-0.3779401224095864,0.0474559993526959
credibility_p201_d25,CREDIBILITY_CAMOUFLAGE,during,201,225,FAKE_NEWS_SOURCE,30,0.0005386666666666665,0.00016114228262328336,0.00020909369364460176,0.0008682396396887312,0.6103092652166497,0.002297909926813354
credibility_p201_d25,CREDIBILITY_CAMOUFLAGE,during,201,225,MIXED_SOURCE,30,-0.0002826666666666669,0.00010283222954380701,-0.0004929821906962553,-7.235114263707854e-05,-0.5018624682001143,0.010184201463570063
credibility_p201_d25,CREDIBILITY_CAMOUFLAGE,post_1_25,226,250,TRADITIONAL_MEDIA,30,0.00040800000000001203,0.00021048733819455302,-2.249494336909884e-05,0.0008384949433691229,0.3538942934033096,0.06236863610468291
credibility_p201_d25,CREDIBILITY_CAMOUFLAGE,post_1_25,226,250,UNKNOWN_MEDIA,30,-0.0002080000000000001,0.00011382422423626931,-0.00044079667740077775,2.479667740077753e-05,-0.33363223785179924,0.07795044829031447
credibility_p201_d25,CREDIBILITY_CAMOUFLAGE,post_1_25,226,250,FAKE_NEWS_SOURCE,30,-0.00010399999999999975,9.99604519498737e-05,-0.0003084420793688632,0.00010044207936886369,-0.18995227568966294,0.3067455865564303
credibility_p201_d25,CREDIBILITY_CAMOUFLAGE,post_1_25,226,250,MIXED_SOURCE,30,-9.599999999999999e-05,4.903107154663763e-05,-0.0001962798009127126,4.279800912712647e-06,-0.35746968783853267,0.059920157033090254
credibility_p201_d25,CREDIBILITY_CAMOUFLAGE,post_26_50,251,275,TRADITIONAL_MEDIA,30,0.0002026666666666658,0.00013971311602448748,-8.307873962134157e-05,0.0004884120729546731,0.2648405727067585,0.15762481000053283
credibility_p201_d25,CREDIBILITY_CAMOUFLAGE,post_26_50,251,275,UNKNOWN_MEDIA,30,-9.333333333333329e-05,6.19776254275674e-05,-0.00022009181000679165,3.3425143340125074e-05,-0.2749420815503803,0.14290359737845082
credibility_p201_d25,CREDIBILITY_CAMOUFLAGE,post_26_50,251,275,FAKE_NEWS_SOURCE,30,-7.733333333333332e-05,4.192750539696176e-05,-0.0001630847101918784,8.418043525211755e-06,-0.336749592840489,0.07535467823046538
credibility_p201_d25,CREDIBILITY_CAMOUFLAGE,post_26_50,251,275,MIXED_SOURCE,30,-3.2000000000000026e-05,6.035603180058014e-05,-0.00015544194532005057,9.144194532005053e-05,-0.09679850998199024,0.6000185636001109
credibility_p201_d25,CREDIBILITY_CAMOUFLAGE,post_51_100,276,325,TRADITIONAL_MEDIA,30,5.1999999999992794e-05,6.696439266548469e-05,-8.495756084687024e-05,0.00018895756084685584,0.14177471467332461,0.4437227723535772
credibility_p201_d25,CREDIBILITY_CAMOUFLAGE,post_51_100,276,325,UNKNOWN_MEDIA,30,-2.9333333333333468e-05,3.109841010584164e-05,-9.2936723505e-05,3.427005683833307e-05,-0.17221168004841672,0.35334938797554877
credibility_p201_d25,CREDIBILITY_CAMOUFLAGE,post_51_100,276,325,FAKE_NEWS_SOURCE,30,-1.3333333333333252e-05,1.832863053580401e-05,-5.081959180485823e-05,2.415292513819172e-05,-0.13281529534055495,0.4727771989338138
credibility_p201_d25,CREDIBILITY_CAMOUFLAGE,post_51_100,276,325,MIXED_SOURCE,30,-9.33333333333356e-06,1.8162316256490193e-05,-4.647944091089597e-05,2.7812774244228853e-05,-0.09382204947849836,0.6112264092867202
credibility_p201_d100,CREDIBILITY_CAMOUFLAGE,during,201,300,TRADITIONAL_MEDIA,30,0.0009966666666666678,0.00027828222395363784,0.0004275156133580764,0.0015658177199752593,0.6538887127979871,0.0012296353563625918
credibility_p201_d100,CREDIBILITY_CAMOUFLAGE,during,201,300,UNKNOWN_MEDIA,30,-0.0007253333333333335,0.00013903090976373497,-0.0010096834711548013,-0.0004409831955118657,-0.9525014474651929,1.3874811638586914e-05
credibility_p201_d100,CREDIBILITY_CAMOUFLAGE,during,201,300,FAKE_NEWS_SOURCE,30,0.00035266666666666687,0.00010613581987499035,0.00013559454176627933,0.0005697387915670544,0.6066550351584158,0.0024201404145349483
credibility_p201_d100,CREDIBILITY_CAMOUFLAGE,during,201,300,MIXED_SOURCE,30,-0.0006239999999999998,0.00011019481181854321,-0.0008493736955405194,-0.0003986263044594801,-1.0338625755691284,4.033035033434281e-06
credibility_p201_d100,CREDIBILITY_CAMOUFLAGE,post_1_25,301,325,TRADITIONAL_MEDIA,30,0.0009600000000000053,0.00037178661535391835,0.000199610993729982,0.0017203890062700287,0.4714296081767402,0.015136617969844045
credibility_p201_d100,CREDIBILITY_CAMOUFLAGE,post_1_25,301,325,UNKNOWN_MEDIA,30,-0.0005440000000000003,0.00021631479827793332,-0.0009864134374699858,-0.00010158656253001495,-0.459147307003277,0.017706256875170644
credibility_p201_d100,CREDIBILITY_CAMOUFLAGE,post_1_25,301,325,FAKE_NEWS_SOURCE,30,-0.0002159999999999997,0.00012524330344362242,-0.00047215131668151714,4.015131668151772e-05,-0.31487531114287326,0.0952367193560865
credibility_p201_d100,CREDIBILITY_CAMOUFLAGE,post_1_25,301,325,MIXED_SOURCE,30,-0.00019999999999999998,0.00014659977575997026,-0.0004998302069142985,9.983020691429849e-05,-0.24907839713750515,0.18298083783801725
credibility_p201_d100,CREDIBILITY_CAMOUFLAGE,post_26_50,326,350,TRADITIONAL_MEDIA,30,0.00038400000000001394,0.0001485265563158129,8.02290843790212e-05,0.0006877709156210066,0.47202661328518053,0.015020981065766508
credibility_p201_d100,CREDIBILITY_CAMOUFLAGE,post_26_50,326,350,UNKNOWN_MEDIA,30,-7.200000000000004e-05,6.95046512956084e-05,-0.00021415297309587553,7.015297309587545e-05,-0.1891289451149951,0.30880914807686044
credibility_p201_d100,CREDIBILITY_CAMOUFLAGE,post_26_50,326,350,FAKE_NEWS_SOURCE,30,-0.00022399999999999975,0.00017112581914197346,-0.0005739915978434037,0.00012599159784340428,-0.23898566465369397,0.2008197049766147
credibility_p201_d100,CREDIBILITY_CAMOUFLAGE,post_26_50,326,350,MIXED_SOURCE,30,-8.799999999999981e-05,5.319752824609666e-05,-0.00019680116165710844,2.080116165710882e-05,-0.30201644480848056,0.10886981296897709
credibility_p201_d100,CREDIBILITY_CAMOUFLAGE,post_51_100,351,400,TRADITIONAL_MEDIA,30,0.00011466666666666662,0.00010007322989189608,-9.00060694921997e-05,0.00031933940282553294,0.209198537228203,0.2612341204067734
credibility_p201_d100,CREDIBILITY_CAMOUFLAGE,post_51_100,351,400,UNKNOWN_MEDIA,30,-7.19999999999999e-05,7.202553825497963e-05,-0.00021930876582964718,7.530876582964738e-05,-0.18250945010070976,0.32575069370467535
credibility_p201_d100,CREDIBILITY_CAMOUFLAGE,post_51_100,351,400,FAKE_NEWS_SOURCE,30,-1.8666666666666686e-05,1.6799927020458216e-05,-5.3026375394573964e-05,1.5693042061240596e-05,-0.20286108771608716,0.27564601384054926
credibility_p201_d100,CREDIBILITY_CAMOUFLAGE,post_51_100,351,400,MIXED_SOURCE,30,-2.400000000000012e-05,1.4300550588226909e-05,-5.3247909961860054e-05,5.247909961859816e-06,-0.30640641652278067,0.10404312439950464
credibility_p201_permanent,CREDIBILITY_CAMOUFLAGE,during,201,400,TRADITIONAL_MEDIA,30,0.0012489999999999964,0.00029708598159416965,0.00064139094418151,0.0018566090558184828,0.767572932537382,0.00022921359514524835
credibility_p201_permanent,CREDIBILITY_CAMOUFLAGE,during,201,400,UNKNOWN_MEDIA,30,-0.0008320000000000004,0.00012532110480818794,-0.0010883104383385255,-0.0005756895616614752,-1.212100091578841,2.805790500359014e-07
credibility_p201_permanent,CREDIBILITY_CAMOUFLAGE,during,201,400,FAKE_NEWS_SOURCE,30,0.0002600000000000002,0.00010021929976794394,5.5028517400818115e-05,0.0004649714825991823,0.4736541606958814,0.014709877830719434
credibility_p201_permanent,CREDIBILITY_CAMOUFLAGE,during,201,400,MIXED_SOURCE,30,-0.0006770000000000001,0.00010430850573091387,-0.0008903348478474341,-0.0004636651521525661,-1.1849726246600847,4.188076375166492e-07
informational_p1_d25,INFORMATIONAL_CAMOUFLAGE,during,1,25,TRADITIONAL_MEDIA,30,-0.0010986666666666755,0.0023548736322263255,-0.005914924022772662,0.00371759068943931,-0.08518001536292374,0.6443077066016171
informational_p1_d25,INFORMATIONAL_CAMOUFLAGE,during,1,25,UNKNOWN_MEDIA,30,-0.0013066666666666624,0.0013888400297919449,-0.004147163463777614,0.0015338301304442896,-0.1717718367177317,0.35456192728872804
informational_p1_d25,INFORMATIONAL_CAMOUFLAGE,during,1,25,FAKE_NEWS_SOURCE,30,0.004975999999999999,0.0005716412346475936,0.0038068624022334044,0.006145137597766593,1.58926454855081,1.390955586510674e-09
informational_p1_d25,INFORMATIONAL_CAMOUFLAGE,during,1,25,MIXED_SOURCE,30,-0.0025706666666666686,0.001062156441638148,-0.004743020505687203,-0.000398312827646134,-0.4418721718583476,0.02200416223207511
informational_p1_d25,INFORMATIONAL_CAMOUFLAGE,post_1_25,26,50,TRADITIONAL_MEDIA,30,0.005248000000000007,0.0015199448265848605,0.0021393637862623994,0.008356636213737615,0.6303842813921228,0.001725573608030373
informational_p1_d25,INFORMATIONAL_CAMOUFLAGE,post_1_25,26,50,UNKNOWN_MEDIA,30,-0.001842666666666675,0.0009249659743146471,-0.0037344344952991476,4.9101161965797724e-05,-0.3637143157415452,0.05584455710676583
informational_p1_d25,INFORMATIONAL_CAMOUFLAGE,post_1_25,26,50,FAKE_NEWS_SOURCE,30,-0.0018026666666666666,0.00035041090275030474,-0.00251933743189807,-0.0010859959014352634,-0.9392413204482508,1.6978014892840388e-05
informational_p1_d25,INFORMATIONAL_CAMOUFLAGE,post_1_25,26,50,MIXED_SOURCE,30,-0.001602666666666667,0.0004538385285117228,-0.00253087067792073,-0.0006744626554126037,-0.6447349518587439,0.0014036849088601944
informational_p1_d25,INFORMATIONAL_CAMOUFLAGE,post_26_50,51,75,TRADITIONAL_MEDIA,30,0.0030079999999999925,0.0016774873382875137,-0.00042284682856791973,0.006438846828567905,0.3273843792779303,0.08338408933512909
informational_p1_d25,INFORMATIONAL_CAMOUFLAGE,post_26_50,51,75,UNKNOWN_MEDIA,30,-0.001269333333333328,0.0007741357707604536,-0.0028526187587278548,0.00031395209206119866,-0.29936286196796946,0.11187674763906236
informational_p1_d25,INFORMATIONAL_CAMOUFLAGE,post_26_50,51,75,FAKE_NEWS_SOURCE,30,-0.00072,0.00036226617508290133,-0.0014609175196215855,2.0917519621585414e-05,-0.3628641668550975,0.056384738383847104
informational_p1_d25,INFORMATIONAL_CAMOUFLAGE,post_26_50,51,75,MIXED_SOURCE,30,-0.001018666666666667,0.0005556339929302536,-0.0021550657791841745,0.00011773244585084035,-0.33472076883410196,0.07703546856966781
informational_p1_d25,INFORMATIONAL_CAMOUFLAGE,post_51_100,76,125,TRADITIONAL_MEDIA,30,-0.0006146666666666671,0.0006859415432573568,-0.002017574643706865,0.0007882413103735307,-0.1636032506410094,0.37758209846838436
informational_p1_d25,INFORMATIONAL_CAMOUFLAGE,post_51_100,76,125,UNKNOWN_MEDIA,30,0.0005799999999999999,0.0006207322335332089,-0.0006895399638493584,0.0018495399638493583,0.17059373118355528,0.357823278480791
informational_p1_d25,INFORMATIONAL_CAMOUFLAGE,post_51_100,76,125,FAKE_NEWS_SOURCE,30,1.7333333333333407e-05,3.375003902367552e-05,-5.1693246901023235e-05,8.635991356769005e-05,0.09376638702316774,0.6114369335606398
informational_p1_d25,INFORMATIONAL_CAMOUFLAGE,post_51_100,76,125,MIXED_SOURCE,30,1.7333333333333725e-05,3.8533261742764614e-05,-6.14760357910265e-05,9.614270245769397e-05,0.08212694897896235,0.6561790642079552
informational_p1_d100,INFORMATIONAL_CAMOUFLAGE,during,1,100,TRADITIONAL_MEDIA,30,0.003116000000000005,0.0010610332851442058,0.0009459432739336348,0.005286056726066375,0.5361765469824198,0.006435049095750223
informational_p1_d100,INFORMATIONAL_CAMOUFLAGE,during,1,100,UNKNOWN_MEDIA,30,-0.0027926666666666694,0.0006973931646163741,-0.004218995839160809,-0.0013663374941725295,-0.7311067398485855,0.0003952726147677466
informational_p1_d100,INFORMATIONAL_CAMOUFLAGE,during,1,100,FAKE_NEWS_SOURCE,30,0.0015253333333333332,0.0003026441836806197,0.0009063564778506754,0.002144310188815991,0.9201779068527917,2.2695540988958724e-05
informational_p1_d100,INFORMATIONAL_CAMOUFLAGE,during,1,100,MIXED_SOURCE,30,-0.0018486666666666664,0.00039949011563544513,-0.0026657156929032998,-0.0010316176404300329,-0.8448739989729189,7.133710466324839e-05
informational_p1_d100,INFORMATIONAL_CAMOUFLAGE,post_1_25,101,125,TRADITIONAL_MEDIA,30,3.733333333333366e-05,0.0008617521489868913,-0.0017251477059462138,0.0017998143726128811,0.007909586237592093,0.9657413091462256
informational_p1_d100,INFORMATIONAL_CAMOUFLAGE,post_1_25,101,125,UNKNOWN_MEDIA,30,0.0005386666666666688,0.000818543103483585,-0.0011354419519412557,0.002212775285274593,0.12014838031693521,0.5156773902288893
informational_p1_d100,INFORMATIONAL_CAMOUFLAGE,post_1_25,101,125,FAKE_NEWS_SOURCE,30,-0.0004533333333333328,0.00025783061950142836,-0.0009806561589870923,7.398949232042661e-05,-0.32101293634275463,0.08925435477548621
informational_p1_d100,INFORMATIONAL_CAMOUFLAGE,post_1_25,101,125,MIXED_SOURCE,30,-0.00012266666666666665,0.0002548864671007686,-0.0006439680245596406,0.00039863469122630734,-0.08786565662159179,0.6339432406797277
informational_p1_d100,INFORMATIONAL_CAMOUFLAGE,post_26_50,126,150,TRADITIONAL_MEDIA,30,-0.0002959999999999965,0.00028363875357351057,-0.0008761063864661134,0.00028410638646612045,-0.19053094235647072,0.3053010051543384
informational_p1_d100,INFORMATIONAL_CAMOUFLAGE,post_26_50,126,150,UNKNOWN_MEDIA,30,0.00036000000000000257,0.00031118313342586094,-0.0002764409686143042,0.0009964409686143093,0.21121551858233897,0.2567643307321783
informational_p1_d100,INFORMATIONAL_CAMOUFLAGE,post_26_50,126,150,FAKE_NEWS_SOURCE,30,-1.6000000000000013e-05,4.030230591503383e-05,-9.842747070372738e-05,6.642747070372736e-05,-0.07248188179404413,0.6942744728755396
informational_p1_d100,INFORMATIONAL_CAMOUFLAGE,post_26_50,126,150,MIXED_SOURCE,30,-4.799999999999952e-05,7.110038233241853e-05,-0.00019341660951323022,9.741660951323119e-05,-0.12325617152253746,0.5049585337157894
informational_p1_d100,INFORMATIONAL_CAMOUFLAGE,post_51_100,151,200,TRADITIONAL_MEDIA,30,-7.599999999999088e-05,0.00010158015916325542,-0.0002837547525732388,0.000131754752573257,-0.13659791673649765,0.46037796735160247
informational_p1_d100,INFORMATIONAL_CAMOUFLAGE,post_51_100,151,200,UNKNOWN_MEDIA,30,8.000000000000108e-05,8.458145771093069e-05,-9.298850448518804e-05,0.00025298850448519017,0.17268483261097856,0.35204810743676934
informational_p1_d100,INFORMATIONAL_CAMOUFLAGE,post_51_100,151,200,FAKE_NEWS_SOURCE,30,5.333333333333636e-06,4.716255414425679e-05,-9.11249204011889e-05,0.00010179158706785616,0.020646231078622068,0.9107431160376386
informational_p1_d100,INFORMATIONAL_CAMOUFLAGE,post_51_100,151,200,MIXED_SOURCE,30,-9.33333333333333e-06,4.06694930240746e-05,-9.251178599667989e-05,7.384511933001322e-05,-0.04189936012853186,0.8200972796005953
informational_p1_permanent,INFORMATIONAL_CAMOUFLAGE,during,1,400,TRADITIONAL_MEDIA,30,0.0017698333333333483,0.00031107327031089225,0.0011336170600183527,0.002406049606648344,1.0387452434410078,3.7457439508571613e-06
informational_p1_permanent,INFORMATIONAL_CAMOUFLAGE,during,1,400,UNKNOWN_MEDIA,30,-0.0015490000000000011,0.00022961316795112603,-0.0020186116573176387,-0.0010793883426823635,-1.2316689690841143,2.1045256876629602e-07
informational_p1_permanent,INFORMATIONAL_CAMOUFLAGE,during,1,400,FAKE_NEWS_SOURCE,30,0.0008690000000000001,0.00010759849804532213,0.0006489363623487496,0.0010890636376512505,1.474527715283111,6.607990735755333e-09
informational_p1_permanent,INFORMATIONAL_CAMOUFLAGE,during,1,400,MIXED_SOURCE,30,-0.001089833333333334,0.00012189181262363082,-0.001339130081644469,-0.000840536585022199,-1.632393753496969,7.847616996250847e-10
informational_p101_d25,INFORMATIONAL_CAMOUFLAGE,during,101,125,TRADITIONAL_MEDIA,30,0.0003786666666666605,0.0002558716153169472,-0.00014464954555993604,0.0009019828788932571,0.27019315246790027,0.1496801722636115
informational_p101_d25,INFORMATIONAL_CAMOUFLAGE,during,101,125,UNKNOWN_MEDIA,30,-0.0008826666666666668,0.0004475052002095167,-0.0017979175671437003,3.258423381036668e-05,-0.36011234719721547,0.05816473210403102
informational_p101_d25,INFORMATIONAL_CAMOUFLAGE,during,101,125,FAKE_NEWS_SOURCE,30,0.0008293333333333331,0.00023159166072639047,0.00035567520394497914,0.001302991462721687,0.6538009945793862,0.001231199284842974
informational_p101_d25,INFORMATIONAL_CAMOUFLAGE,during,101,125,MIXED_SOURCE,30,-0.0003253333333333336,0.00022776259738219444,-0.000791160148868534,0.0001404934822018668,-0.2607867540194355,0.16386267617292052
informational_p101_d25,INFORMATIONAL_CAMOUFLAGE,post_1_25,126,150,TRADITIONAL_MEDIA,30,0.0014186666666666811,0.0005853435445395279,0.0002215046985434145,0.0026158286347899478,0.44249554651150724,0.021833756788268828
informational_p101_d25,INFORMATIONAL_CAMOUFLAGE,post_1_25,126,150,UNKNOWN_MEDIA,30,-0.0008399999999999995,0.00048617862475885704,-0.0018343469347281262,0.00015434693472812734,-0.31544438256106716,0.09466817525223055
informational_p101_d25,INFORMATIONAL_CAMOUFLAGE,post_1_25,126,150,FAKE_NEWS_SOURCE,30,-0.00024000000000000017,0.0001584290696650793,-0.0005640238294545274,8.402382945452708e-05,-0.2765767967522918,0.14062902404354127
informational_p101_d25,INFORMATIONAL_CAMOUFLAGE,post_1_25,126,150,MIXED_SOURCE,30,-0.0003386666666666666,0.0001341775572077445,-0.0006130905839769022,-6.424274935643102e-05,-0.4608206634765737,0.01733392447038476
informational_p101_d25,INFORMATIONAL_CAMOUFLAGE,post_26_50,151,175,TRADITIONAL_MEDIA,30,0.0014106666666666614,0.0011224110883900765,-0.0008849217619671527,0.0037062550953004753,0.22946255682553376,0.2188486536619732
informational_p101_d25,INFORMATIONAL_CAMOUFLAGE,post_26_50,151,175,UNKNOWN_MEDIA,30,-0.0014186666666666646,0.0012941569601666904,-0.004065514843171932,0.0012281815098386022,-0.20013948818436744,0.28200740064919116
informational_p101_d25,INFORMATIONAL_CAMOUFLAGE,post_26_50,151,175,FAKE_NEWS_SOURCE,30,-1.6000000000000243e-05,0.0001227665760046602,-0.0002670858403078687,0.00023508584030786824,-0.023794644018173498,0.8972062795093151
informational_p101_d25,INFORMATIONAL_CAMOUFLAGE,post_26_50,151,175,MIXED_SOURCE,30,2.399999999999989e-05,0.00010421198554405569,-0.00018913744190020756,0.00023713744190020732,0.0420467994843924,0.8194756820755619
informational_p101_d25,INFORMATIONAL_CAMOUFLAGE,post_51_100,176,225,TRADITIONAL_MEDIA,30,0.001312000000000002,0.0012859222192741658,-0.0013180062403365914,0.003942006240336596,0.18627668783170961,0.3160324982928318
informational_p101_d25,INFORMATIONAL_CAMOUFLAGE,post_51_100,176,225,UNKNOWN_MEDIA,30,-0.001150666666666667,0.0011410496209840711,-0.003484375174647575,0.001183041841314241,-0.18411296579111391,0.32158942748990355
informational_p101_d25,INFORMATIONAL_CAMOUFLAGE,post_51_100,176,225,FAKE_NEWS_SOURCE,30,-9.19999999999998e-05,9.123721765298101e-05,-0.0002786010620095897,9.46010620095901e-05,-0.18410058448638203,0.3216214175594935
informational_p101_d25,INFORMATIONAL_CAMOUFLAGE,post_51_100,176,225,MIXED_SOURCE,30,-6.93333333333334e-05,5.578063218719446e-05,-0.00018341753573948506,4.475086907281826e-05,-0.22693319147196492,0.22383710825440759
informational_p101_d100,INFORMATIONAL_CAMOUFLAGE,during,101,200,TRADITIONAL_MEDIA,30,0.0031679999999999968,0.0017124881675906359,-0.00033443156215788757,0.006670431562157881,0.3377512508826385,0.07453652718967543
informational_p101_d100,INFORMATIONAL_CAMOUFLAGE,during,101,200,UNKNOWN_MEDIA,30,-0.002861333333333333,0.0017989442455138595,-0.006540587428802329,0.0008179207621356634,-0.2903956612545353,0.12255181634902487
informational_p101_d100,INFORMATIONAL_CAMOUFLAGE,during,101,200,FAKE_NEWS_SOURCE,30,0.0006493333333333334,0.00021847482473306986,0.00020250214572951187,0.001096164520937155,0.5426323367634732,0.0058946533540206875
informational_p101_d100,INFORMATIONAL_CAMOUFLAGE,during,101,200,MIXED_SOURCE,30,-0.0009559999999999998,0.00015926093675792407,-0.0012817251886911279,-0.0006302748113088718,-1.095943080653948,1.5809171047170868e-06
informational_p101_d100,INFORMATIONAL_CAMOUFLAGE,post_1_25,201,225,TRADITIONAL_MEDIA,30,0.0015520000000000015,0.0006899325970743437,0.00014092940138995505,0.0029630705986100478,0.41069973736213145,0.03224231819591113
informational_p101_d100,INFORMATIONAL_CAMOUFLAGE,post_1_25,201,225,UNKNOWN_MEDIA,30,-0.0006320000000000004,0.0003005674327155145,-0.0012467294228494974,-1.727057715050339e-05,-0.3838968327515647,0.044288095704324404
informational_p101_d100,INFORMATIONAL_CAMOUFLAGE,post_1_25,201,225,FAKE_NEWS_SOURCE,30,-0.0004400000000000002,0.00017199839614328409,-0.0007917762181915279,-8.822378180847241e-05,-0.467054598000454,0.01600952298600033
informational_p101_d100,INFORMATIONAL_CAMOUFLAGE,post_1_25,201,225,MIXED_SOURCE,30,-0.00048000000000000007,0.00024843417685553067,-0.0009881049426237697,2.8104942623769554e-05,-0.35275182468871186,0.0631691624321256
informational_p101_d100,INFORMATIONAL_CAMOUFLAGE,post_26_50,226,250,TRADITIONAL_MEDIA,30,0.000210666666666659,0.00020668312874739652,-0.00021204779477624613,0.0006333811281095641,0.18609305646934549,0.31650151413739985
informational_p101_d100,INFORMATIONAL_CAMOUFLAGE,post_26_50,226,250,UNKNOWN_MEDIA,30,-9.866666666666653e-05,5.392999577641781e-05,-0.0002089658926286877,1.1632559295354658e-05,-0.33402536151509377,0.07761893421245505
informational_p101_d100,INFORMATIONAL_CAMOUFLAGE,post_26_50,226,250,FAKE_NEWS_SOURCE,30,-2.9333333333333123e-05,6.725988938666563e-05,-0.00016689525283350846,0.00010822858616684223,-0.07962411921871704,0.6659797258260551
informational_p101_d100,INFORMATIONAL_CAMOUFLAGE,post_26_50,226,250,MIXED_SOURCE,30,-8.266666666666656e-05,9.67695845316154e-05,-0.0002805826894075927,0.00011524935607425958,-0.15596635487707006,0.39996135544503475
informational_p101_d100,INFORMATIONAL_CAMOUFLAGE,post_51_100,251,300,TRADITIONAL_MEDIA,30,5.200000000000019e-05,3.879329246441873e-05,-2.734119166415221e-05,0.00013134119166415258,0.24472936067828469,0.19051041398447444
informational_p101_d100,INFORMATIONAL_CAMOUFLAGE,post_51_100,251,300,UNKNOWN_MEDIA,30,-1.7333333333333207e-05,1.4816372842722188e-05,-4.7636218260158606e-05,1.2969551593492193e-05,-0.21358933490225981,0.25157565750104
informational_p101_d100,INFORMATIONAL_CAMOUFLAGE,post_51_100,251,300,FAKE_NEWS_SOURCE,30,-9.333333333333358e-06,5.967986112378956e-06,-2.153923543420711e-05,2.8725687675403953e-06,-0.28552776470541474,0.12868918288195466
informational_p101_d100,INFORMATIONAL_CAMOUFLAGE,post_51_100,251,300,MIXED_SOURCE,30,-2.533333333333334e-05,1.8838291484464283e-05,-6.386196548449577e-05,1.3195298817829091e-05,-0.2455218782253031,0.1891206961472487
informational_p101_permanent,INFORMATIONAL_CAMOUFLAGE,during,101,400,TRADITIONAL_MEDIA,30,0.001719111111111101,0.0006158393525353207,0.0004595782125140515,0.0029786440097081504,0.5096545230163825,0.009186034275541533
informational_p101_permanent,INFORMATIONAL_CAMOUFLAGE,during,101,400,UNKNOWN_MEDIA,30,-0.0015697777777777765,0.0006080546400578399,-0.0028133891516604016,-0.0003261664038951512,-0.47134070006024087,0.015153909407830258
informational_p101_permanent,INFORMATIONAL_CAMOUFLAGE,during,101,400,FAKE_NEWS_SOURCE,30,0.0006842222222222225,8.798030856740139e-05,0.0005042822872161914,0.0008641621572282536,1.4198781203043047,1.4131636589189246e-08
informational_p101_permanent,INFORMATIONAL_CAMOUFLAGE,during,101,400,MIXED_SOURCE,30,-0.0008335555555555552,9.519515926891082e-05,-0.0010282515170798752,-0.000638859594031235,-1.5986708575584485,1.226952243988803e-09
informational_p201_d25,INFORMATIONAL_CAMOUFLAGE,during,201,225,TRADITIONAL_MEDIA,30,4.0000000000003e-05,0.00029903138650472997,-0.0005715878556075118,0.0006515878556075179,0.02442207662133569,0.8945122104188387
informational_p201_d25,INFORMATIONAL_CAMOUFLAGE,during,201,225,UNKNOWN_MEDIA,30,-0.0004666666666666672,0.000133264349970951,-0.0007392228654668026,-0.0001941104678665318,-0.6393404293166037,0.0015172035417497824
informational_p201_d25,INFORMATIONAL_CAMOUFLAGE,during,201,225,FAKE_NEWS_SOURCE,30,0.0008693333333333331,0.00024045117234799425,0.00037755546816165594,0.00136111119850501,0.6600833924107588,0.0011239373514913477
informational_p201_d25,INFORMATIONAL_CAMOUFLAGE,during,201,225,MIXED_SOURCE,30,-0.0004426666666666665,0.0001262718590006457,-0.0007009216156619882,-0.00018441171767134482,-0.6400436875057903,0.0015019155018160236
informational_p201_d25,INFORMATIONAL_CAMOUFLAGE,post_1_25,226,250,TRADITIONAL_MEDIA,30,0.0008453333333333424,0.0002951920214062642,0.00024159786103217945,0.0014490688056345053,0.5228327119321434,0.00770402694741484
informational_p201_d25,INFORMATIONAL_CAMOUFLAGE,post_1_25,226,250,UNKNOWN_MEDIA,30,-0.00043466666666666664,0.00013434193235647608,-0.000709426768903518,-0.0001599065644298153,-0.5907233235690352,0.00303004170937726
informational_p201_d25,INFORMATIONAL_CAMOUFLAGE,post_1_25,226,250,FAKE_NEWS_SOURCE,30,-0.00011733333333333317,0.0001073815127106647,-0.00033695318614623425,0.00010228651947956789,-0.19949465474906572,0.28352985492184285
informational_p201_d25,INFORMATIONAL_CAMOUFLAGE,post_1_25,226,250,MIXED_SOURCE,30,-0.0002933333333333333,0.0002152557064448889,-0.0007335806847926356,0.00014691401812596898,-0.2487975598701619,0.1834599450172903
informational_p201_d25,INFORMATIONAL_CAMOUFLAGE,post_26_50,251,275,TRADITIONAL_MEDIA,30,0.0004906666666666762,0.0003507885807042318,-0.00022677653671127854,0.0012081098700446311,0.25537623546132787,0.17249125782586155
informational_p201_d25,INFORMATIONAL_CAMOUFLAGE,post_26_50,251,275,UNKNOWN_MEDIA,30,-0.0002826666666666667,0.00020951994025386863,-0.0007111830590917517,0.00014584972575841835,-0.24631372301292337,0.18774002506646484
informational_p201_d25,INFORMATIONAL_CAMOUFLAGE,post_26_50,251,275,FAKE_NEWS_SOURCE,30,-0.00011466666666666675,6.181123160470442e-05,-0.00024108482976133798,1.1751496428004474e-05,-0.3386952947802613,0.07377243633162239
informational_p201_d25,INFORMATIONAL_CAMOUFLAGE,post_26_50,251,275,MIXED_SOURCE,30,-9.333333333333344e-05,9.174343702711321e-05,-0.00028096973021232035,9.430306354565349e-05,-0.18573816173432908,0.31740931811874556
informational_p201_d25,INFORMATIONAL_CAMOUFLAGE,post_51_100,276,325,TRADITIONAL_MEDIA,30,4.133333333333026e-05,6.722023048884102e-05,-9.614747461343987e-05,0.0001788141412801004,0.11226381739994894,0.5434196898937919
informational_p201_d25,INFORMATIONAL_CAMOUFLAGE,post_51_100,276,325,UNKNOWN_MEDIA,30,-2.399999999999989e-05,3.1255712121624864e-05,-8.79251089171135e-05,3.992510891711371e-05,-0.14019134944008171,0.44877810528393214
informational_p201_d25,INFORMATIONAL_CAMOUFLAGE,post_51_100,276,325,FAKE_NEWS_SOURCE,30,-1.599999999999981e-05,1.865352575221382e-05,-5.415074379871324e-05,2.2150743798713626e-05,-0.1566024038653476,0.3980659894776144
informational_p201_d25,INFORMATIONAL_CAMOUFLAGE,post_51_100,276,325,MIXED_SOURCE,30,-1.3333333333336549e-06,1.9415205164274688e-05,-4.104188644339618e-05,3.837521977672887e-05,-0.012538226906201566,0.9457199015660823
informational_p201_d100,INFORMATIONAL_CAMOUFLAGE,during,201,300,TRADITIONAL_MEDIA,30,0.0005400000000000182,0.0003323742524296391,-0.00013978167335077733,0.0012197816733508138,0.2966236392567861,0.11505270630335951
informational_p201_d100,INFORMATIONAL_CAMOUFLAGE,during,201,300,UNKNOWN_MEDIA,30,-0.0006600000000000001,0.00014795463734754548,-0.0009626012099941943,-0.0003573987900058058,-0.8144318070145005,0.00011313804859521772
informational_p201_d100,INFORMATIONAL_CAMOUFLAGE,during,201,300,FAKE_NEWS_SOURCE,30,0.000846,0.00014603148770829817,0.0005473320726542511,0.0011446679273457488,1.057701757616757,2.8125039675355775e-06
informational_p201_d100,INFORMATIONAL_CAMOUFLAGE,during,201,300,MIXED_SOURCE,30,-0.0007259999999999996,0.00016228016075513566,-0.0010579001951064632,-0.00039409980489353607,-0.8167902860057734,0.00010917337405167781
informational_p201_d100,INFORMATIONAL_CAMOUFLAGE,post_1_25,301,325,TRADITIONAL_MEDIA,30,0.0005386666666666577,0.00044346694037218675,-0.0003683250650884345,0.0014456583984217499,0.2217676655234079,0.234289570960756
informational_p201_d100,INFORMATIONAL_CAMOUFLAGE,post_1_25,301,325,UNKNOWN_MEDIA,30,-0.00056,0.00020512961980060374,-0.0009795371788956062,-0.00014046282110439373,-0.4984240899340373,0.010656210553559546
informational_p201_d100,INFORMATIONAL_CAMOUFLAGE,post_1_25,301,325,FAKE_NEWS_SOURCE,30,-4.53333333333333e-05,0.00011556133201005732,-0.0002816827950446413,0.00019101612837797472,-0.07162167725621389,0.697713748601407
informational_p201_d100,INFORMATIONAL_CAMOUFLAGE,post_1_25,301,325,MIXED_SOURCE,30,6.666666666666675e-05,0.00024368310556683505,-0.00043172124412557694,0.0005650545774589105,0.04994852786651389,0.7863469921084338
informational_p201_d100,INFORMATIONAL_CAMOUFLAGE,post_26_50,326,350,TRADITIONAL_MEDIA,30,0.00026133333333334675,0.00015361672961255947,-5.2848155597744466e-05,0.000575514822264438,0.31059586208633877,0.09960501414674874
informational_p201_d100,INFORMATIONAL_CAMOUFLAGE,post_26_50,326,350,UNKNOWN_MEDIA,30,-3.200000000000019e-05,7.629103380529356e-05,-0.00018803268376753468,0.00012403268376753431,-0.07658008622130409,0.6779809096459987
informational_p201_d100,INFORMATIONAL_CAMOUFLAGE,post_26_50,326,350,FAKE_NEWS_SOURCE,30,-0.0002133333333333331,0.00017013134434754176,-0.0005612910018488116,0.00013462433518214543,-0.22893582481336894,0.21988049766978168
informational_p201_d100,INFORMATIONAL_CAMOUFLAGE,post_26_50,326,350,MIXED_SOURCE,30,-1.5999999999999898e-05,2.9562324578468994e-05,-7.646174251823285e-05,4.446174251823305e-05,-0.09881452203147932,0.5924832830158495
informational_p201_d100,INFORMATIONAL_CAMOUFLAGE,post_51_100,351,400,TRADITIONAL_MEDIA,30,9.599999999999609e-05,0.00010286203235960979,-0.00011437647763189115,0.00030637647763188334,0.17039447343300665,0.35837684256738056
informational_p201_d100,INFORMATIONAL_CAMOUFLAGE,post_51_100,351,400,UNKNOWN_MEDIA,30,-7.466666666666663e-05,7.195741610008492e-05,-0.0002218361070458373,7.250277371250405e-05,-0.1894482405638804,0.30800773537153114
informational_p201_d100,INFORMATIONAL_CAMOUFLAGE,post_51_100,351,400,FAKE_NEWS_SOURCE,30,-1.733333333333329e-05,1.679445265100191e-05,-5.168184571855655e-05,1.7015179051889965e-05,-0.188432411993621,0.310562436004578
informational_p201_d100,INFORMATIONAL_CAMOUFLAGE,post_51_100,351,400,MIXED_SOURCE,30,-4.0000000000000684e-06,2.5104837652596377e-05,-5.5345158128019365e-05,4.7345158128019225e-05,-0.029089881139490487,0.874511949978302
informational_p201_permanent,INFORMATIONAL_CAMOUFLAGE,during,201,400,TRADITIONAL_MEDIA,30,0.0007963333333333211,0.00024857501161313164,0.0002879403512886634,0.001304726315377979,0.5848935057596362,0.0032881132038615753
informational_p201_permanent,INFORMATIONAL_CAMOUFLAGE,during,201,400,UNKNOWN_MEDIA,30,-0.0008523333333333334,0.00011827659316374252,-0.00109423612764229,-0.000610430539024377,-1.3156792923345328,6.208373601858235e-08
informational_p201_permanent,INFORMATIONAL_CAMOUFLAGE,during,201,400,FAKE_NEWS_SOURCE,30,0.0007686666666666668,0.00010602182960357942,0.0005518276780482837,0.00098550565528505,1.3236773159824304,5.534017529892501e-08
informational_p201_permanent,INFORMATIONAL_CAMOUFLAGE,during,201,400,MIXED_SOURCE,30,-0.0007126666666666667,9.995278578895723e-05,-0.0009170930669759824,-0.000508240266357351,-1.301759980088764,7.587782936594003e-08
