condition,strategy,network_topology,user_activity,metric,n_pairs,effect,se,ci95_low,ci95_high,cohens_dz,p_value,control_mean,treatment_mean,relative_effect_percent,p_holm
top0_a0_25_credibility,credibility,0,0.25,fake_repost_share_all,10,0.00015049999999999648,0.00010696689519036638,-9.147592813717569e-05,0.00039247592813716867,0.4449253079734078,0.19301573393319849,0.076479,0.0766295,0.196786045842645,0.6334418016861307
top0_a0_25_credibility,credibility,0,0.25,fake_repost_share_final100,10,0.0001559999999999978,0.00024527173139647055,-0.0003988432040104453,0.000710843204010441,0.20113011482307291,0.5405921439126815,0.07733799999999999,0.07749400000000001,0.201711965657242,1.0
top0_a0_25_credibility,credibility,0,0.25,target_share_all,10,0.00047699999999999826,0.00010614246191898021,0.00023688906949294149,0.0007171109305070551,1.4211149964202787,0.0015019369218660225,0.047429,0.047906,1.005713803790926,0.007509684609330112
top0_a0_25_credibility,credibility,0,0.25,target_share_final100,10,0.000426,0.0002414042253151331,-0.00012009429742638008,0.0009720942974263801,0.5580392312823701,0.11143826028876502,0.04838,0.048806,0.8805291442744936,0.19133415871362316
top0_a0_25_credibility,credibility,0,0.25,fake_repost_share_decisions,10,0.000603628502975434,0.0004285689299070709,-0.0003658617715666082,0.0015731187775174763,0.4453988137716848,0.19258610623698927,0.30648679954201546,0.3070904280449908,0.19695089768219667,0.6316964839878476
top0_a0_25_credibility,credibility,0,0.25,target_share_decisions,10,0.0019109917183426528,0.00042615794724999733,0.0009469554654876918,0.002875027971197614,1.418039123446569,0.0015231080971564064,0.19007857937938583,0.19198957109772846,1.0053693186166046,0.007615540485782032
top0_a0_25_credibility,credibility,0,0.25,participation_rate,10,0.0,0.0,0.0,0.0,,,0.24952649999999998,0.24952649999999998,0.0,
top0_a0_25_credibility,credibility,0,0.25,cumulative_fake_reposts,10,30.1,21.393379038073128,-18.295185627434094,78.4951856274341,0.44492530797342134,0.1930157339331862,15295.8,15325.9,0.19678604584264964,0.6334418016861324
top0_a0_25_credibility,credibility,0,0.25,target_unique_reposters_p400,10,0.0,0.0,0.0,0.0,,,500.0,500.0,0.0,
top0_a0_25_combined,combined,0,0.25,fake_repost_share_all,10,0.0008394999999999986,0.00010889967350221497,0.000593151823560577,0.00108584817643942,2.437777828284631,2.9725712415101498e-05,0.076479,0.0773185,1.0976869467435486,0.00011890284966040599
top0_a0_25_combined,combined,0,0.25,fake_repost_share_final100,10,0.0008379999999999985,0.00020958053344716945,0.00036389589507941536,0.0013121041049205815,1.2644250091524363,0.0031176498997128846,0.07733799999999999,0.078176,1.083555302697249,0.010925146741930515
top0_a0_25_combined,combined,0,0.25,target_share_all,10,0.0023195000000000012,0.00016771743764107917,0.0019400967971140728,0.0026989032028859297,4.373369362139608,2.2793172917643776e-07,0.047429,0.0497485,4.89046785721816,6.837951875293133e-07
top0_a0_25_combined,combined,0,0.25,target_share_final100,10,0.001985999999999998,0.00021809376169182134,0.0014926376348272398,0.0024793623651727563,2.879625434664558,7.756166957440426e-06,0.04838,0.050366,4.105002066969819,3.1024667829761706e-05
top0_a0_25_combined,combined,0,0.25,fake_repost_share_decisions,10,0.0033655907862098987,0.00043820788887992103,0.0023742956715855053,0.004356885900834292,2.42874051941509,3.061289323804822e-05,0.30648679954201546,0.30985239032822537,1.0981193288712974,0.0001224515729521929
top0_a0_25_combined,combined,0,0.25,target_share_decisions,10,0.009297141258512545,0.0006743981450965028,0.007771546664004668,0.010822735853020422,4.359463666825024,2.3428377017148613e-07,0.19007857937938583,0.19937572063789835,4.891209356082144,7.028513105144584e-07
top0_a0_25_combined,combined,0,0.25,participation_rate,10,0.0,0.0,0.0,0.0,,,0.24952649999999998,0.24952649999999998,0.0,
top0_a0_25_combined,combined,0,0.25,cumulative_fake_reposts,10,167.9,21.77993470044287,118.63036471211599,217.16963528788403,2.437777828284649,2.972571241509975e-05,15295.8,15463.7,1.0976869467435506,0.000118902849660399
top0_a0_25_combined,combined,0,0.25,target_unique_reposters_p400,10,0.0,0.0,0.0,0.0,,,500.0,500.0,0.0,
top0_a0_5_credibility,credibility,0,0.5,fake_repost_share_all,10,0.0016195,0.000723534323074355,-1.7248351473002485e-05,0.0032562483514730024,0.7078183449379211,0.05198585831577404,0.12094900000000001,0.1225685,1.3389941214892227,0.25992929157887024
top0_a0_5_credibility,credibility,0,0.5,fake_repost_share_final100,10,0.002693999999999997,0.0013823717139595819,-0.0004331420743833021,0.005821142074383296,0.6162724490427971,0.08312346981372473,0.110146,0.11283999999999998,2.445844606249884,0.4745312538971118
top0_a0_5_credibility,credibility,0,0.5,target_share_all,10,0.002477999999999999,0.0006907106646217517,0.0009155039226047947,0.004040496077395203,1.1345016724460846,0.005860633565939451,0.0649175,0.06739550000000001,3.817152539762004,0.023442534263757805
top0_a0_5_credibility,credibility,0,0.5,target_share_final100,10,0.003183999999999997,0.0009939496969162975,0.0009355295736596901,0.005432470426340304,1.0129981528455574,0.010772693148782986,0.060372,0.063556,5.273968064665734,0.04309077259513194
top0_a0_5_credibility,credibility,0,0.5,fake_repost_share_decisions,10,0.0032442806600133044,0.001448232055098779,-3.184785682236327e-05,0.0065204091768489725,0.708402787961812,0.05182917843961152,0.24185352414654457,0.2450978048065579,1.3414237693917253,0.2591458921980576
top0_a0_5_credibility,credibility,0,0.5,target_share_decisions,10,0.00495793544105583,0.0013826278771713041,0.0018302138852282876,0.008085656996883373,1.1339543158846204,0.005876506714612725,0.12981102196077723,0.1347689574018331,3.819348593183315,0.0235060268584509
top0_a0_5_credibility,credibility,0,0.5,participation_rate,10,0.0,0.0,0.0,0.0,,,0.50013,0.50013,0.0,
top0_a0_5_credibility,credibility,0,0.5,cumulative_fake_reposts,10,323.9,144.70686461487122,-3.4496702946010487,651.249670294601,0.70781834493792,0.051985858315774264,24189.8,24513.7,1.3389941214892227,0.25992929157887135
top0_a0_5_credibility,credibility,0,0.5,target_unique_reposters_p400,10,0.0,0.0,0.0,0.0,,,500.0,500.0,0.0,
top0_a0_5_combined,combined,0,0.5,fake_repost_share_all,10,0.007742500000000004,0.0007113606875402785,0.006133290325347707,0.0093517096746523,3.4418453553447685,1.760292083276282e-06,0.12094900000000001,0.12869150000000001,6.401458465964996,8.80146041638141e-06
top0_a0_5_combined,combined,0,0.5,fake_repost_share_final100,10,0.008186000000000004,0.0013041780723675896,0.005235744232029306,0.011136255767970702,1.9848826992731512,0.00014493667918130361,0.110146,0.11833200000000002,7.431953952027313,0.0007246833959065181
top0_a0_5_combined,combined,0,0.5,target_share_all,10,0.012206999999999999,0.0004633910036051875,0.011158736722018276,0.013255263277981722,8.330313514365185,7.907197519154764e-10,0.0649175,0.0771245,18.803866445873606,4.148269763185583e-09
top0_a0_5_combined,combined,0,0.5,target_share_final100,10,0.012242,0.0011669426340275295,0.00960219236186002,0.014881807638139979,3.317438405876944,2.398343302425356e-06,0.060372,0.07261399999999998,20.277612138077252,1.199171651212678e-05
top0_a0_5_combined,combined,0,0.5,fake_repost_share_decisions,10,0.015486780969477074,0.0014287930232714892,0.012254626597727372,0.018718935341226775,3.4276134254606134,1.8227860719913025e-06,0.24185352414654457,0.25734030511602163,6.403372050966386,9.113930359956512e-06
top0_a0_5_combined,combined,0,0.5,target_share_decisions,10,0.02440948890647698,0.0009319007210551221,0.022301383015325325,0.026517594797628635,8.283026262463236,8.317884149171113e-10,0.12981102196077723,0.15422051086725425,18.803864677879492,4.158942074585556e-09
top0_a0_5_combined,combined,0,0.5,participation_rate,10,0.0,0.0,0.0,0.0,,,0.50013,0.50013,0.0,
top0_a0_5_combined,combined,0,0.5,cumulative_fake_reposts,10,1548.5,142.2721375080557,1226.6580650695407,1870.3419349304593,3.441845355344767,1.7602920832762885e-06,24189.8,25738.3,6.401458465964993,8.801460416381442e-06
top0_a0_5_combined,combined,0,0.5,target_unique_reposters_p400,10,0.0,0.0,0.0,0.0,,,500.0,500.0,0.0,
top0_a1_0_credibility,credibility,0,1.0,fake_repost_share_all,10,0.00017149999999999804,0.0003963276212091884,-0.0007250553671331412,0.0010680553671331373,0.13683896597068607,0.675400355540225,0.10287549999999998,0.103047,0.16670635865682118,1.0
top0_a1_0_credibility,credibility,0,1.0,fake_repost_share_final100,10,0.00022999999999999757,0.0002620983699978988,-0.00036290770504848334,0.0008229077050484785,0.277500337695557,0.4030142028708808,0.086946,0.087176,0.2645320083730104,1.0
top0_a1_0_credibility,credibility,0,1.0,target_share_all,10,0.0007039999999999995,0.000273923955384215,8.434096226558169e-05,0.0013236590377344174,0.8127231769984969,0.030185005763313396,0.0118285,0.012532499999999999,5.9517267616350304,0.04248494796878159
top0_a1_0_credibility,credibility,0,1.0,target_share_final100,10,0.0005479999999999997,0.00025937017733133606,-3.873610446632279e-05,0.0011347361044663222,0.6681293029146205,0.06377805290454105,0.007313999999999999,0.007862000000000001,7.492480175006833,0.19133415871362316
top0_a1_0_credibility,credibility,0,1.0,fake_repost_share_decisions,10,0.00017149999999999528,0.0003963276212091879,-0.000725055367133143,0.0010680553671331334,0.136838965970684,0.6754003555402296,0.10287549999999998,0.103047,0.1667063586568185,1.0
top0_a1_0_credibility,credibility,0,1.0,target_share_decisions,10,0.000704,0.0002739239553842149,8.434096226558234e-05,0.0013236590377344176,0.8127231769984976,0.03018500576331329,0.0118285,0.012532500000000002,5.951726761635034,0.04248494796878165
top0_a1_0_credibility,credibility,0,1.0,participation_rate,10,0.0,0.0,0.0,0.0,,,1.0,1.0,0.0,
top0_a1_0_credibility,credibility,0,1.0,cumulative_fake_reposts,10,34.3,79.26552424183753,-145.0110734266275,213.6110734266275,0.13683896597068787,0.6754003555402212,20575.1,20609.4,0.16670635865682304,1.0
top0_a1_0_credibility,credibility,0,1.0,target_unique_reposters_p400,10,6.0,1.7638342073763935,2.0099298137949972,9.990070186205003,1.0757057484009542,0.00785239826009304,453.8,459.8,1.3221683561040105,0.04711438956055823
top0_a1_0_combined,combined,0,1.0,fake_repost_share_all,10,0.0070605,0.004004307087374795,-0.0019978719597485107,0.01611887195974851,0.5575811478099321,0.11169298108483403,0.10287549999999998,0.10993599999999999,6.863150118346935,0.11169298108483403
top0_a1_0_combined,combined,0,1.0,fake_repost_share_final100,10,0.0015220000000000003,0.0005988763552594897,0.00016724756331926334,0.0028767524366807374,0.8036694981371963,0.03163667032891113,0.086946,0.08846799999999999,1.750511811929244,0.03163667032891113
top0_a1_0_combined,combined,0,1.0,target_share_all,10,0.006537499999999999,0.0016821436802815363,0.002732226624795388,0.01034277337520461,1.228990748274887,0.0036951160205562594,0.0118285,0.018366,55.26905355708669,0.0036951160205562594
top0_a1_0_combined,combined,0,1.0,target_share_final100,10,0.0027259999999999997,0.0008232728722739636,0.0008636273750480014,0.004588372624951998,1.0470852607846366,0.009066925551691066,0.007313999999999999,0.01004,37.270987147935465,0.009066925551691066
top0_a1_0_combined,combined,0,1.0,fake_repost_share_decisions,10,0.007060500000000002,0.0040043070873747935,-0.0019978719597485055,0.01611887195974851,0.5575811478099323,0.11169298108483391,0.10287549999999998,0.109936,6.863150118346936,0.11169298108483391
top0_a1_0_combined,combined,0,1.0,target_share_decisions,10,0.0065375,0.001682143680281536,0.00273222662479539,0.01034277337520461,1.2289907482748874,0.0036951160205562594,0.0118285,0.018366,55.26905355708669,0.0036951160205562594
top0_a1_0_combined,combined,0,1.0,participation_rate,10,0.0,0.0,0.0,0.0,,,1.0,1.0,0.0,
top0_a1_0_combined,combined,0,1.0,cumulative_fake_reposts,10,1412.1,800.8614174749584,-399.57439194970084,3223.7743919497007,0.5575811478099324,0.11169298108483378,20575.1,21987.2,6.863150118346933,0.11169298108483378
top0_a1_0_combined,combined,0,1.0,target_unique_reposters_p400,10,21.1,2.1262904578422748,16.289996810602624,25.91000318939738,3.1380500431377234,3.814653564970247e-06,453.8,474.9,4.649625385632437,2.288792138982148e-05
top1_a0_25_credibility,credibility,1,0.25,fake_repost_share_all,10,0.0001560000000000006,0.00010141170215183938,-7.340920841434099e-05,0.0003854092084143422,0.4864481164586403,0.15836045042153268,0.0764425,0.07659849999999999,0.2040749583019925,0.6334418016861307
top1_a0_25_credibility,credibility,1,0.25,fake_repost_share_final100,10,0.0003080000000000027,0.0001640921150519501,-6.320215342347336e-05,0.0006792021534234788,0.5935577824830373,0.09325246772676403,0.07504999999999999,0.07535800000000001,0.41039307128581315,0.4745312538971118
top1_a0_25_credibility,credibility,1,0.25,target_share_all,10,0.00040100000000000275,0.0001245230902282785,0.0001193091995063354,0.0006826908004936702,1.0183439387850628,0.010484577226737526,0.047174499999999994,0.0475755,0.8500355064706628,0.03145373168021258
top1_a0_25_credibility,credibility,1,0.25,target_share_final100,10,0.0005299999999999992,0.00013978555004005283,0.0002137831167212068,0.0008462168832787916,1.1989845584246805,0.0042726496697073,0.047704,0.048234,1.1110179439879238,0.0213632483485365
top1_a0_25_credibility,credibility,1,0.25,fake_repost_share_decisions,10,0.0006250025770202228,0.00040582143617207654,-0.0002930292916334947,0.0015430344456739402,0.48702003164285046,0.1579241209969619,0.30626468965429654,0.30688969223131674,0.20407268553410748,0.6316964839878476
top1_a0_25_credibility,credibility,1,0.25,target_share_decisions,10,0.0016058858821298317,0.000498194735181644,0.00047889109347032106,0.0027328806707893425,1.019331737415371,0.010432219694118068,0.1890091107849136,0.19061499666704346,0.8496341131181128,0.031296659082354204
top1_a0_25_credibility,credibility,1,0.25,participation_rate,10,0.0,0.0,0.0,0.0,,,0.249596,0.249596,0.0,
top1_a0_25_credibility,credibility,1,0.25,cumulative_fake_reposts,10,31.2,20.282340430367825,-14.6818416828682,77.0818416828682,0.4864481164586396,0.1583604504215331,15288.5,15319.7,0.20407495830199168,0.6334418016861324
top1_a0_25_credibility,credibility,1,0.25,target_unique_reposters_p400,10,0.0,0.0,0.0,0.0,,,500.0,500.0,0.0,
top1_a0_25_combined,combined,1,0.25,fake_repost_share_all,10,0.0008440000000000003,0.00012008052853536763,0.0005723589722611243,0.0011156410277388764,2.2226437356128197,6.128348331089464e-05,0.0764425,0.07728650000000001,1.1040978513261606,0.0001225669666217893
top1_a0_25_combined,combined,1,0.25,fake_repost_share_final100,10,0.0009500000000000009,0.00026795107347756274,0.0003438525598532642,0.0015561474401467375,1.1211613143290955,0.006260640219006318,0.07504999999999999,0.076,1.265822784810128,0.012521280438012636
top1_a0_25_combined,combined,1,0.25,target_share_all,10,0.0021435000000000017,0.00014400819806910668,0.0018177308232363095,0.002469269176763694,4.706914089236874,1.2063660316412728e-07,0.047174499999999994,0.049318,4.543768349426071,4.825464126565091e-07
top1_a0_25_combined,combined,1,0.25,target_share_final100,10,0.0023740000000000002,0.0003162987336188516,0.0016584825541601138,0.0030895174458398867,2.373467348208281,3.671257288526775e-05,0.047704,0.050078,4.976521884957236,0.00011013771865580325
top1_a0_25_combined,combined,1,0.25,fake_repost_share_decisions,10,0.0033810124711351032,0.00048047588130724724,0.0022941005146841337,0.004467924427586072,2.2252314053999855,6.0734236166393724e-05,0.30626468965429654,0.30964570212543163,1.103951119847182,0.0001224515729521929
top1_a0_25_combined,combined,1,0.25,target_share_decisions,10,0.008587231839742054,0.0005761714660516051,0.0072838414308134735,0.009890622248670636,4.713043427088203,1.1928146339445007e-07,0.1890091107849136,0.19759634262465567,4.543289899667352,4.771258535778003e-07
top1_a0_25_combined,combined,1,0.25,participation_rate,10,0.0,0.0,0.0,0.0,,,0.249596,0.249596,0.0,
top1_a0_25_combined,combined,1,0.25,cumulative_fake_reposts,10,168.8,24.016105707073603,114.47179445222461,223.1282055477754,2.2226437356128117,6.128348331089627e-05,15288.5,15457.3,1.1040978513261603,0.00012256696662179254
top1_a0_25_combined,combined,1,0.25,target_unique_reposters_p400,10,0.0,0.0,0.0,0.0,,,500.0,500.0,0.0,
top1_a0_5_credibility,credibility,1,0.5,fake_repost_share_all,10,0.0009820000000000024,0.0003625896057834847,0.0001617653261207151,0.0018022346738792898,0.8564384121203066,0.024064544404799482,0.1319315,0.1329135,0.7443256538430946,0.1443872664287969
top1_a0_5_credibility,credibility,1,0.5,fake_repost_share_final100,10,0.0011080000000000007,0.0005596602143761467,-0.0001580393626841785,0.00237403936268418,0.6260590904022464,0.0790885423161853,0.14057199999999997,0.14168000000000003,0.7882081780155372,0.4745312538971118
top1_a0_5_credibility,credibility,1,0.5,target_share_all,10,0.0020764999999999963,0.0002615212440913947,0.0014848978444547503,0.0026681021555452424,2.510874244329008,2.3503881186899177e-05,0.070676,0.07275250000000001,2.9380553511800276,0.00014102328712139507
top1_a0_5_credibility,credibility,1,0.5,target_share_final100,10,0.0018340000000000023,0.000418537665900906,0.0008872020211814258,0.002780797978818579,1.3856858536889596,0.001766172162118001,0.075926,0.07776,2.4155098385269897,0.010597032972708005
top1_a0_5_credibility,credibility,1,0.5,fake_repost_share_decisions,10,0.0019643407518916494,0.0007251025675765401,0.00032404478488500996,0.0036046367188982886,0.8566775452783951,0.02403476590419936,0.2637962655958725,0.2657606063477641,0.7446431235311561,0.14420859542519615
top1_a0_5_credibility,credibility,1,0.5,target_share_decisions,10,0.004153602128878361,0.0005252053002932852,0.002965505196880324,0.005341699060876399,2.5008969281241265,2.426191961673651e-05,0.1413169404120867,0.14547054254096503,2.939210342911661,0.00014557151770041907
top1_a0_5_credibility,credibility,1,0.5,participation_rate,10,0.0,0.0,0.0,0.0,,,0.500139,0.500139,0.0,
top1_a0_5_credibility,credibility,1,0.5,cumulative_fake_reposts,10,196.4,72.51792115669676,32.35306522414294,360.4469347758571,0.8564384121203067,0.024064544404799482,26386.3,26582.7,0.7443256538430929,0.1443872664287969
top1_a0_5_credibility,credibility,1,0.5,target_unique_reposters_p400,10,0.0,0.0,0.0,0.0,,,500.0,500.0,0.0,
top1_a0_5_combined,combined,1,0.5,fake_repost_share_all,10,0.00583,0.00039779810624654015,0.004930118164606828,0.006729881835393172,4.634531554897768,1.379970278165207e-07,0.1319315,0.13776149999999998,4.418959839007364,8.279821668991243e-07
top1_a0_5_combined,combined,1,0.5,fake_repost_share_final100,10,0.005494000000000004,0.0005880971197193724,0.004163631888205833,0.006824368111794175,2.9541980197514626,6.286654732249824e-06,0.14057199999999997,0.146066,3.908317445864045,3.771992839349894e-05
top1_a0_5_combined,combined,1,0.5,target_share_all,10,0.010946000000000001,0.000409298722749588,0.010020101962607863,0.011871898037392139,8.456975149023458,6.913782938642639e-10,0.070676,0.081622,15.487577112456846,4.148269763185583e-09
top1_a0_5_combined,combined,1,0.5,target_share_final100,10,0.0111,0.0005777427339799824,0.009793055136072565,0.012406944863927436,6.0755903905639075,1.2935069007472407e-08,0.075926,0.087026,14.619497932197142,7.761041404483444e-08
top1_a0_5_combined,combined,1,0.5,fake_repost_share_decisions,10,0.011653563186105286,0.0007900325253228757,0.009866385450102589,0.013440740922107983,4.664593082382343,1.3047196261923802e-07,0.2637962655958725,0.27544982878197777,4.4176376643474455,7.828317757154281e-07
top1_a0_5_combined,combined,1,0.5,target_share_decisions,10,0.021883235885825726,0.0008099160670615324,0.02005107845345713,0.023715393318194323,8.544202391861456,6.310388992759263e-10,0.1413169404120867,0.1632001762979124,15.48521771134671,3.786233395655558e-09
top1_a0_5_combined,combined,1,0.5,participation_rate,10,0.0,0.0,0.0,0.0,,,0.500139,0.500139,0.0,
top1_a0_5_combined,combined,1,0.5,cumulative_fake_reposts,10,1166.0,79.55962124930795,986.0236329213658,1345.9763670786342,4.634531554897772,1.379970278165195e-07,26386.3,27552.3,4.418959839007364,8.27982166899117e-07
top1_a0_5_combined,combined,1,0.5,target_unique_reposters_p400,10,0.0,0.0,0.0,0.0,,,500.0,500.0,0.0,
top1_a1_0_credibility,credibility,1,1.0,fake_repost_share_all,10,-8.749999999999592e-05,0.00014138845230231748,-0.0004073429001126358,0.00023234290011264392,-0.19570148110333685,0.5513473895696014,0.10543399999999999,0.10534650000000001,-0.08299030673216982,1.0
top1_a1_0_credibility,credibility,1,1.0,fake_repost_share_final100,10,-6.200000000000025e-05,0.00020505717359908126,-0.0005258715540403169,0.0004018715540403164,-0.09561295100739588,0.7692526622106056,0.095552,0.09549,-0.06488613529805787,1.0
top1_a1_0_credibility,credibility,1,1.0,target_share_all,10,0.0005119999999999998,0.00018387223825254306,9.605209919727139e-05,0.0009279479008027281,0.8805495475518401,0.021242473984390796,0.012035500000000001,0.0125475,4.254081675044658,0.04248494796878159
top1_a1_0_credibility,credibility,1,1.0,target_share_final100,10,0.00036399999999999963,0.00017673080596709176,-3.57928586055567e-05,0.0007637928586055559,0.651312068658604,0.06952182020972095,0.007626000000000001,0.00799,4.7731445056386,0.19133415871362316
top1_a1_0_credibility,credibility,1,1.0,fake_repost_share_decisions,10,-8.749999999999868e-05,0.00014138845230231642,-0.0004073429001126361,0.00023234290011263877,-0.1957014811033445,0.5513473895695862,0.10543399999999999,0.10534650000000001,-0.08299030673217245,1.0
top1_a1_0_credibility,credibility,1,1.0,target_share_decisions,10,0.0005119999999999998,0.00018387223825254306,9.605209919727139e-05,0.0009279479008027281,0.8805495475518401,0.021242473984390824,0.012035500000000001,0.0125475,4.254081675044658,0.04248494796878165
top1_a1_0_credibility,credibility,1,1.0,participation_rate,10,0.0,0.0,0.0,0.0,,,1.0,1.0,0.0,
top1_a1_0_credibility,credibility,1,1.0,cumulative_fake_reposts,10,-17.5,28.27769046046331,-81.46858002252755,46.46858002252755,-0.19570148110334726,0.5513473895695806,21086.8,21069.3,-0.08299030673217368,1.0
top1_a1_0_credibility,credibility,1,1.0,target_unique_reposters_p400,10,3.8,1.6852299546352716,-0.01225501284027386,7.612255012840274,0.7130572937887615,0.050597768879808366,452.0,455.8,0.8407079646017699,0.25298884439904185
top1_a1_0_combined,combined,1,1.0,fake_repost_share_all,10,0.003549999999999999,0.0004700839168583498,0.002486596300362647,0.004613403699637351,2.3881024836211306,3.497735370431768e-05,0.10543399999999999,0.108984,3.367035301705332,0.00011890284966040599
top1_a1_0_combined,combined,1,1.0,fake_repost_share_final100,10,0.0025239999999999963,0.0006176428309845968,0.0011267948458372294,0.003921205154162763,1.2922660822503786,0.002731286685482629,0.095552,0.09807600000000001,2.641493636972535,0.010925146741930515
top1_a1_0_combined,combined,1,1.0,target_share_all,10,0.005773499999999999,0.0006396066716697414,0.004326609186308774,0.007220390813691224,2.854474613799726,8.334023801686896e-06,0.012035500000000001,0.017809,47.97058701341862,1.6668047603373792e-05
top1_a1_0_combined,combined,1,1.0,target_share_final100,10,0.0036779999999999994,0.000764079402505612,0.0019495323066753565,0.005406467693324642,1.5222053095475074,0.0009554007862728782,0.007626000000000001,0.011304,48.22974036191974,0.0019108015725457564
top1_a1_0_combined,combined,1,1.0,fake_repost_share_decisions,10,0.003549999999999999,0.0004700839168583502,0.002486596300362646,0.004613403699637352,2.388102483621129,3.4977353704317904e-05,0.10543399999999999,0.108984,3.367035301705332,0.0001224515729521929
top1_a1_0_combined,combined,1,1.0,target_share_decisions,10,0.0057735,0.0006396066716697412,0.004326609186308775,0.007220390813691225,2.8544746137997277,8.334023801686874e-06,0.012035500000000001,0.017809,47.97058701341863,1.6668047603373748e-05
top1_a1_0_combined,combined,1,1.0,participation_rate,10,0.0,0.0,0.0,0.0,,,1.0,1.0,0.0,
top1_a1_0_combined,combined,1,1.0,cumulative_fake_reposts,10,710.0,94.01678337167016,497.3192600725292,922.6807399274708,2.388102483621126,3.4977353704318114e-05,21086.8,21796.8,3.3670353017053323,0.000118902849660399
top1_a1_0_combined,combined,1,1.0,target_unique_reposters_p400,10,21.6,3.138293945583952,14.500685872031024,28.69931412796898,2.1765073203468592,7.204606050789514e-05,452.0,473.6,4.778761061946903,0.0003602303025394757
