research_question,condition,strategy,start_period,end_period,target_reach,wom,contacts,memory,memory_half_life,n,fake_repost_share_all_mean,fake_repost_share_all_sd,fake_repost_share_final100_mean,fake_repost_share_final100_sd,target_share_all_mean,target_share_all_sd,target_share_final100_mean,target_share_final100_sd,fake_repost_share_decisions_mean,fake_repost_share_decisions_sd,target_share_decisions_mean,target_share_decisions_sd,participation_rate_mean,participation_rate_sd,cumulative_fake_reposts_mean,cumulative_fake_reposts_sd,target_unique_reposters_p400_mean,target_unique_reposters_p400_sd,fake_repost_share_during_mean,fake_repost_share_during_sd,fake_repost_share_post100_mean,fake_repost_share_post100_sd,total_decisions_mean,total_decisions_sd,target_unique_reposters_p25_mean,target_unique_reposters_p25_sd,target_unique_reposters_p50_mean,target_unique_reposters_p50_sd,target_unique_reposters_p100_mean,target_unique_reposters_p100_sd,target_unique_reposters_p200_mean,target_unique_reposters_p200_sd,target_time_to_25pct_final_mean,target_time_to_25pct_final_sd,target_time_to_50pct_final_mean,target_time_to_50pct_final_sd,target_time_to_75pct_final_mean,target_time_to_75pct_final_sd,selections_traditional_media_all_mean,selections_traditional_media_all_sd,selections_unknown_media_all_mean,selections_unknown_media_all_sd,selections_fake_news_source_all_mean,selections_fake_news_source_all_sd,selections_mixed_source_all_mean,selections_mixed_source_all_sd
RQ1,control,NONE,,,,1.0,5.0,-1.0,0.33,30,0.11464199999999997,0.019134167111073387,0.10053999999999995,0.035459177888830476,0.013282166666666647,0.004805115213253859,0.008755333333333316,0.004700977692392065,0.11464199999999998,0.019134167111073394,0.01328216666666667,0.0048051152132538594,1.0,0.0,22928.4,3826.8334222146786,459.46666666666664,23.488417297179407,0.11464199999999997,0.019134167111073387,,,200000.0,0.0,274.96666666666664,67.44882265956107,299.96666666666664,73.37644239707029,349.9,68.0113327270562,403.8666666666667,51.46725328711005,4.733333333333333,2.1485092399203194,24.766666666666666,28.975237148573814,100.0,57.16582050913604,185007.0,15663.752683757844,8199.833333333334,13889.614579899648,2656.4333333333334,961.0230426507718,4136.733333333334,1499.74871305124
RQ1,engagement,ENGAGEMENT,1.0,-1.0,,1.0,5.0,-1.0,0.33,30,0.1144328333333333,0.018204508852409918,0.10068266666666664,0.03527511371797534,0.013114999999999993,0.004526392336751968,0.008635999999999994,0.004313495742114666,0.11443283333333333,0.018204508852409925,0.013115,0.004526392336751963,1.0,0.0,22886.566666666666,3640.901770481985,458.4,22.69376338450113,0.1144328333333333,0.018204508852409918,,,200000.0,0.0,271.8666666666667,65.16648881417363,296.3666666666667,70.5488255154485,346.76666666666665,65.58788961666487,401.3666666666667,49.746587707155825,4.766666666666667,2.1605129233480698,24.9,29.009332624352886,102.6,55.52421031437082,185289.13333333333,13670.683313480395,7846.4,11918.858336324807,2623.0,905.2784673503926,4241.466666666666,1479.3488952992084
RQ1,proximity,PROXIMITY,1.0,-1.0,,1.0,5.0,-1.0,0.33,30,0.11430949999999998,0.018974734305985917,0.10039066666666667,0.035486432466442744,0.01367683333333332,0.0051517324644295625,0.009060666666666658,0.005062428157571692,0.11430950000000001,0.018974734305985907,0.013676833333333334,0.005151732464429561,1.0,0.0,22861.9,3794.9468611971824,463.1,21.730877443922015,0.11430949999999998,0.018974734305985917,,,200000.0,0.0,285.03333333333336,70.44855463793927,309.8,75.23269648689761,358.2,67.04419540818604,409.5,49.775184233885476,4.8,2.0744754218505626,24.466666666666665,28.903803989396817,93.66666666666667,59.28501196489852,185532.56666666668,15270.217342994789,7801.366666666667,13459.10729858086,2735.366666666667,1030.3464928859123,3930.7,1456.214273499895
RQ1,informational,INFORMATIONAL_CAMOUFLAGE,1.0,-1.0,,1.0,5.0,-1.0,0.33,30,0.114568,0.01910797047091191,0.10059866666666666,0.03571624103993851,0.014151166666666654,0.0052604521051497774,0.009443333333333331,0.005289954261801704,0.114568,0.019107970470911905,0.014151166666666666,0.005260452105149777,1.0,0.0,22913.6,3821.5940941823815,465.3666666666667,20.82850058889524,0.114568,0.01910797047091191,,,200000.0,0.0,287.53333333333336,70.02547976338295,313.06666666666666,74.89944216602424,362.5,67.49086783691043,413.6,49.34369260604642,4.833333333333333,2.1186093899363416,24.3,28.675533245199674,88.86666666666666,57.01647271551915,185360.96666666667,15527.580321931133,7890.033333333334,13712.901673577166,2830.233333333333,1052.0904210299555,3918.766666666667,1439.7991402858302
RQ1,credibility,CREDIBILITY_CAMOUFLAGE,1.0,-1.0,,1.0,5.0,-1.0,0.33,30,0.1145585,0.019381357873411276,0.10033933333333331,0.035378516560520004,0.013761499999999984,0.005291288570979601,0.008931333333333328,0.0048226754152565126,0.11455850000000002,0.01938135787341128,0.013761500000000003,0.005291288570979598,1.0,0.0,22911.7,3876.271574682256,463.4,22.19133101942723,0.1145585,0.019381357873411276,,,200000.0,0.0,282.76666666666665,69.39923647266234,308.2,75.15840742655841,358.56666666666666,68.92458814222041,410.56666666666666,51.10144294698896,4.833333333333333,2.1348234738188117,24.4,28.597805558444875,95.06666666666666,56.8397222282842,185302.3,15800.519116635773,7955.066666666667,13873.78591627299,2752.3,1058.2577141959196,3990.3333333333335,1506.4237241830763
RQ1,all,"ENGAGEMENT,PROXIMITY,INFORMATIONAL_CAMOUFLAGE,CREDIBILITY_CAMOUFLAGE",1.0,-1.0,,1.0,5.0,-1.0,0.33,30,0.1162105,0.018215737244538562,0.10253199999999997,0.037106015721963745,0.017991333333333328,0.006172626296990511,0.01245333333333332,0.007988889411112683,0.11621050000000002,0.018215737244538555,0.017991333333333335,0.006172626296990515,1.0,0.0,23242.1,3643.14744890771,476.6333333333333,17.66056064508855,0.1162105,0.018215737244538562,,,200000.0,0.0,309.03333333333336,75.21944142185644,336.06666666666666,79.08351470977105,385.26666666666665,65.52858461998741,433.2,44.75635188979056,4.933333333333334,2.1323992207796385,21.133333333333333,22.561384974199235,77.03333333333333,55.464485893247925,185372.96666666667,11665.81939562174,7012.566666666667,9854.317606785482,3598.266666666667,1234.5252593981031,4016.2,1400.0302065706815
RQ2,control,NONE,,,,1.0,5.0,-1.0,0.33,30,0.11464199999999997,0.019134167111073387,0.10053999999999995,0.035459177888830476,0.013282166666666647,0.004805115213253859,0.008755333333333316,0.004700977692392065,0.11464199999999998,0.019134167111073394,0.01328216666666667,0.0048051152132538594,1.0,0.0,22928.4,3826.8334222146786,459.46666666666664,23.488417297179407,0.11464199999999997,0.019134167111073387,,,200000.0,0.0,274.96666666666664,67.44882265956107,299.96666666666664,73.37644239707029,349.9,68.0113327270562,403.8666666666667,51.46725328711005,4.733333333333333,2.1485092399203194,24.766666666666666,28.975237148573814,100.0,57.16582050913604,185007.0,15663.752683757844,8199.833333333334,13889.614579899648,2656.4333333333334,961.0230426507718,4136.733333333334,1499.74871305124
RQ2,credibility_p1_d25,CREDIBILITY_CAMOUFLAGE,1.0,25.0,,1.0,5.0,-1.0,0.33,30,0.11455983333333332,0.019064769931931288,0.10055133333333331,0.035457835740528486,0.01332833333333333,0.004775662859449613,0.008759333333333322,0.004693559735265518,0.11455983333333332,0.019064769931931288,0.013328333333333334,0.004775662859449611,1.0,0.0,22911.966666666667,3812.9539863862574,461.26666666666665,23.362116893533564,0.1787466666666666,0.049866161654582145,0.11405266666666665,0.04125496684273786,200000.0,0.0,282.76666666666665,69.39923647266234,307.4,74.60498273088642,355.46666666666664,67.53784805233455,407.4,51.09936230116974,4.766666666666667,2.128352662852485,24.0,28.203692592674262,93.66666666666667,55.57680819546406,185096.7,15665.095617327077,8128.733333333334,13920.377905426454,2665.6666666666665,955.1325718899222,4108.9,1482.7854577763783
RQ2,credibility_p1_d100,CREDIBILITY_CAMOUFLAGE,1.0,100.0,,1.0,5.0,-1.0,0.33,30,0.11459116666666666,0.019111166111561002,0.10055799999999998,0.03544961352836368,0.013488499999999999,0.004974676587997701,0.008767999999999995,0.0046881908870163745,0.11459116666666666,0.019111166111561016,0.013488500000000002,0.004974676587997698,1.0,0.0,22918.233333333334,3822.233222312203,461.8,23.591933162520352,0.13640066666666667,0.03670059681308714,0.11392466666666663,0.0401285234124602,200000.0,0.0,282.76666666666665,69.39923647266234,308.2,75.15840742655841,358.56666666666666,68.92458814222041,409.3666666666667,51.42619977198884,4.766666666666667,2.128352662852485,24.0,28.140043869289137,91.83333333333333,54.67148492923725,185148.6,15563.067148729458,8070.366666666667,13768.075355649771,2697.7,994.9353175995394,4083.3333333333335,1479.928757216638
RQ2,credibility_p1_permanent,CREDIBILITY_CAMOUFLAGE,1.0,-1.0,,1.0,5.0,-1.0,0.33,30,0.1145585,0.019381357873411276,0.10033933333333331,0.035378516560520004,0.013761499999999984,0.005291288570979601,0.008931333333333328,0.0048226754152565126,0.11455850000000002,0.01938135787341128,0.013761500000000003,0.005291288570979598,1.0,0.0,22911.7,3876.271574682256,463.4,22.19133101942723,0.1145585,0.019381357873411276,,,200000.0,0.0,282.76666666666665,69.39923647266234,308.2,75.15840742655841,358.56666666666666,68.92458814222041,410.56666666666666,51.10144294698896,4.833333333333333,2.1348234738188117,24.4,28.597805558444875,95.06666666666666,56.8397222282842,185302.3,15800.519116635773,7955.066666666667,13873.78591627299,2752.3,1058.2577141959196,3990.3333333333335,1506.4237241830763
RQ2,credibility_p101_d25,CREDIBILITY_CAMOUFLAGE,101.0,125.0,,1.0,5.0,-1.0,0.33,30,0.11467033333333333,0.01921202496701827,0.10053999999999995,0.035459177888830476,0.013315999999999974,0.004875331005561888,0.008755333333333316,0.004700977692392065,0.11467033333333333,0.01921202496701827,0.013316,0.00487533100556189,1.0,0.0,22934.066666666666,3842.404993403654,459.73333333333335,23.610245194849618,0.08986933333333331,0.0788985708945061,0.11849866666666667,0.029997820579839296,200000.0,0.0,274.96666666666664,67.44882265956107,299.96666666666664,73.37644239707029,349.9,68.0113327270562,404.3,51.669473412824914,4.733333333333333,2.1485092399203194,24.833333333333332,29.020900118331287,100.0,57.16582050913604,185004.7,15732.323517259749,8197.666666666666,13922.086494768522,2663.2,975.0662011123778,4134.433333333333,1509.9278512869262
RQ2,credibility_p101_d100,CREDIBILITY_CAMOUFLAGE,101.0,200.0,,1.0,5.0,-1.0,0.33,30,0.1146065,0.019142091197960436,0.10055399999999996,0.03545026361460275,0.01336933333333332,0.0048489877602289795,0.008756666666666645,0.004699878452818156,0.1146065,0.019142091197960436,0.013369333333333332,0.004848987760228992,1.0,0.0,22921.3,3828.418239592088,460.5,23.21080307336101,0.11379933333333334,0.04055339995383978,0.10739533333333331,0.038843623781848004,200000.0,0.0,274.96666666666664,67.44882265956107,299.96666666666664,73.37644239707029,349.9,68.0113327270562,405.23333333333335,51.26044608987843,4.766666666666667,2.1605129233480698,24.866666666666667,29.016919360872926,100.93333333333334,58.29528479975938,185073.0,15657.30209067388,8153.133333333333,13887.409486922723,2673.866666666667,969.7975520457983,4100.0,1494.27004437526
RQ2,credibility_p101_permanent,CREDIBILITY_CAMOUFLAGE,101.0,-1.0,,1.0,5.0,-1.0,0.33,30,0.1145438333333333,0.019205616262066343,0.10033466666666666,0.03538690306463321,0.013499666666666658,0.004941045005575892,0.008923333333333316,0.004829647187323618,0.11454383333333332,0.019205616262066346,0.013499666666666668,0.0049410450055758885,1.0,0.0,22908.766666666666,3841.1232524132683,461.56666666666666,22.387932915521368,0.10716599999999997,0.018862993781638436,,,200000.0,0.0,274.96666666666664,67.44882265956107,299.96666666666664,73.37644239707029,349.9,68.0113327270562,405.23333333333335,51.26044608987843,4.8,2.1559860533104023,24.8,29.04384319586867,102.7,58.640429739216614,185194.66666666666,15694.960588834158,8072.266666666666,13905.453603764126,2699.9333333333334,988.2090011151778,4033.133333333333,1495.8755418755964
RQ2,credibility_p201_d25,CREDIBILITY_CAMOUFLAGE,201.0,225.0,,1.0,5.0,-1.0,0.33,30,0.1146455,0.01914601976958243,0.10053733333333328,0.03545457267656967,0.013302999999999973,0.00483168004621225,0.008755333333333316,0.004699052533505418,0.11464550000000001,0.019146019769582436,0.013303,0.00483168004621224,1.0,0.0,22929.1,3829.2039539164866,459.8,23.088136974765142,0.10816533333333331,0.06422167448784709,0.10606866666666664,0.029450429507240118,200000.0,0.0,274.96666666666664,67.44882265956107,299.96666666666664,73.37644239707029,349.9,68.0113327270562,403.8666666666667,51.46725328711005,4.766666666666667,2.1605129233480698,24.766666666666666,28.975237148573814,100.2,57.36417240632056,185016.6,15667.811047076633,8191.466666666666,13892.82651843261,2660.6,966.3360092424481,4131.333333333333,1497.2983332825074
RQ2,credibility_p201_d100,CREDIBILITY_CAMOUFLAGE,201.0,300.0,,1.0,5.0,-1.0,0.33,30,0.11459749999999999,0.019205024115920902,0.10041399999999998,0.03536148192791035,0.013340499999999996,0.004905834202675214,0.008635999999999986,0.0045632335782485635,0.1145975,0.0192050241159209,0.013340499999999998,0.004905834202675212,1.0,0.0,22919.5,3841.0048231841806,459.8666666666667,22.91172464998612,0.10742933333333332,0.039084037038980085,0.10041399999999998,0.03536148192791035,200000.0,0.0,274.96666666666664,67.44882265956107,299.96666666666664,73.37644239707029,349.9,68.0113327270562,403.8666666666667,51.46725328711005,4.766666666666667,2.1605129233480698,24.733333333333334,28.989811924231226,100.23333333333333,57.447237161340176,185076.5,15702.01184946342,8154.066666666667,13903.12594454517,2668.1,981.1668405350423,4101.333333333333,1501.55657932678
RQ2,credibility_p201_permanent,CREDIBILITY_CAMOUFLAGE,201.0,-1.0,,1.0,5.0,-1.0,0.33,30,0.11457433333333329,0.01918862453666742,0.10032133333333332,0.035395283119738385,0.013412166666666647,0.0048946719243608645,0.008922666666666652,0.0048306142490358766,0.11457433333333332,0.019188624536667434,0.013412166666666666,0.004894671924360859,1.0,0.0,22914.866666666665,3837.7249073334865,460.5,22.639224429264814,0.10387533333333332,0.02365347007178401,,,200000.0,0.0,274.96666666666664,67.44882265956107,299.96666666666664,73.37644239707029,349.9,68.0113327270562,403.8666666666667,51.46725328711005,4.8,2.1559860533104023,24.8,29.03553114660583,100.0,57.5302019632387,185131.9,15696.743623088372,8116.633333333333,13905.374481890418,2682.4333333333334,978.9343848721718,4069.0333333333333,1499.4870498419377
RQ2,informational_p1_d25,INFORMATIONAL_CAMOUFLAGE,1.0,25.0,,1.0,5.0,-1.0,0.33,30,0.11456499999999999,0.019015280244020098,0.10053066666666663,0.03547979696452161,0.013433166666666644,0.004830431815375165,0.008737999999999989,0.004717709409127005,0.11456500000000001,0.01901528024402009,0.013433166666666668,0.004830431815375154,1.0,0.0,22913.0,3803.056048804018,462.03333333333336,22.243919484276788,0.1796613333333333,0.050102419497866854,0.11386399999999998,0.04122695348668276,200000.0,0.0,287.53333333333336,70.02547976338295,311.5,74.00407724089169,357.56666666666666,66.84551584441357,409.3,50.14472159109347,4.8,2.1237572430921112,23.8,28.311567028093076,89.4,57.555130991496114,185081.06666666668,15700.589292549927,8159.333333333333,13924.455039997778,2686.633333333333,966.0863630750308,4072.9666666666667,1451.2896876472541
RQ2,informational_p1_d100,INFORMATIONAL_CAMOUFLAGE,1.0,100.0,,1.0,5.0,-1.0,0.33,30,0.11459866666666667,0.01913706053948605,0.10053399999999996,0.035475666317768516,0.013631833333333312,0.005048823263947234,0.008743333333333322,0.004714409557013933,0.11459866666666668,0.019137060539486047,0.013631833333333334,0.005048823263947225,1.0,0.0,22919.733333333334,3827.4121078972094,462.93333333333334,22.41910105142539,0.13656666666666664,0.037065874753799716,0.11381266666666663,0.039968459455730417,200000.0,0.0,287.53333333333336,70.02547976338295,313.06666666666666,74.89944216602424,362.5,67.49086783691043,412.53333333333336,49.858927422059146,4.8,2.1237572430921112,22.1,22.617280546306727,85.4,55.389903225320275,185157.43333333332,15670.970479560747,8073.266666666666,13885.318003717734,2726.366666666667,1009.764652789445,4042.9333333333334,1455.0724104113272
RQ2,informational_p1_permanent,INFORMATIONAL_CAMOUFLAGE,1.0,-1.0,,1.0,5.0,-1.0,0.33,30,0.114568,0.01910797047091191,0.10059866666666666,0.03571624103993851,0.014151166666666654,0.0052604521051497774,0.009443333333333331,0.005289954261801704,0.114568,0.019107970470911905,0.014151166666666666,0.005260452105149777,1.0,0.0,22913.6,3821.5940941823815,465.3666666666667,20.82850058889524,0.114568,0.01910797047091191,,,200000.0,0.0,287.53333333333336,70.02547976338295,313.06666666666666,74.89944216602424,362.5,67.49086783691043,413.6,49.34369260604642,4.833333333333333,2.1186093899363416,24.3,28.675533245199674,88.86666666666666,57.01647271551915,185360.96666666667,15527.580321931133,7890.033333333334,13712.901673577166,2830.233333333333,1052.0904210299555,3918.766666666667,1439.7991402858302
RQ2,informational_p101_d25,INFORMATIONAL_CAMOUFLAGE,101.0,125.0,,1.0,5.0,-1.0,0.33,30,0.11459983333333332,0.019085625683479313,0.1005413333333333,0.035457399376924305,0.01330983333333332,0.004853291006312532,0.008755333333333316,0.004700977692392065,0.11459983333333332,0.01908562568347931,0.013309833333333333,0.0048532910063125234,1.0,0.0,22919.966666666667,3817.125136695862,459.4,23.373430244174912,0.08988533333333332,0.07883517137951043,0.11819266666666664,0.029327325839897847,200000.0,0.0,274.96666666666664,67.44882265956107,299.96666666666664,73.37644239707029,349.9,68.0113327270562,403.96666666666664,51.35507451227112,4.733333333333333,2.1485092399203194,24.766666666666666,28.975237148573814,100.0,57.16582050913604,185078.0,15453.773787520706,8132.333333333333,13647.802269288972,2661.9666666666667,970.6582012625046,4127.7,1505.955765939198
RQ2,informational_p101_d100,INFORMATIONAL_CAMOUFLAGE,101.0,200.0,,1.0,5.0,-1.0,0.33,30,0.1145095,0.01899552439800419,0.10055599999999995,0.03544542318590069,0.013415666666666649,0.0049132440181217625,0.00876199999999998,0.004699808800219505,0.1145095,0.018995524398004192,0.013415666666666663,0.004913244018121754,1.0,0.0,22901.9,3799.1048796008386,460.4,23.426480742954116,0.11348199999999996,0.0395336041606509,0.10732266666666666,0.038863773658620766,200000.0,0.0,274.96666666666664,67.44882265956107,299.96666666666664,73.37644239707029,349.9,68.0113327270562,405.6333333333333,51.31813105241308,4.766666666666667,2.1605129233480698,24.833333333333332,29.020900118331287,101.43333333333334,58.382616291645164,185187.26666666666,15234.767969970877,8048.0,13440.259711160654,2683.133333333333,982.6488036243508,4081.6,1496.7799598724796
RQ2,informational_p101_permanent,INFORMATIONAL_CAMOUFLAGE,101.0,-1.0,,1.0,5.0,-1.0,0.33,30,0.11457083333333334,0.019002175015405267,0.10060466666666666,0.03567906009405799,0.013795333333333324,0.004983382892922365,0.009455999999999992,0.005260702457355633,0.11457083333333334,0.01900217501540526,0.013795333333333331,0.004983382892922363,1.0,0.0,22914.166666666668,3800.4350030810524,462.46666666666664,22.236554764983083,0.10720199999999998,0.01863331364710164,,,200000.0,0.0,274.96666666666664,67.44882265956107,299.96666666666664,73.37644239707029,349.9,68.0113327270562,405.6333333333333,51.31813105241308,4.833333333333333,2.134823473818811,25.333333333333332,30.701379653749736,102.83333333333333,58.90616930007582,185264.86666666667,15239.654163270636,7964.366666666667,13447.423746303366,2759.0666666666666,996.6765785844727,4011.7,1483.4392971321279
RQ2,informational_p201_d25,INFORMATIONAL_CAMOUFLAGE,201.0,225.0,,1.0,5.0,-1.0,0.33,30,0.11464999999999999,0.019126070490662565,0.10054266666666661,0.03545102449113796,0.013320499999999994,0.004836684592241636,0.00875666666666665,0.004699992907796068,0.11465,0.019126070490662554,0.0133205,0.004836684592241631,1.0,0.0,22930.0,3825.2140981325115,459.9,23.15368444650388,0.10837599999999999,0.06450973610559721,0.10602999999999999,0.02940676429338829,200000.0,0.0,274.96666666666664,67.44882265956107,299.96666666666664,73.37644239707029,349.9,68.0113327270562,403.8666666666667,51.46725328711005,4.733333333333333,2.1485092399203194,24.733333333333334,28.935044178455918,100.5,57.6210868968333,185024.56666666668,15642.803756279474,8184.633333333333,13877.5715317753,2664.1,967.3369184483261,4126.7,1489.4768845655753
RQ2,informational_p201_d100,INFORMATIONAL_CAMOUFLAGE,201.0,300.0,,1.0,5.0,-1.0,0.33,30,0.11467383333333332,0.0191682696988311,0.10045866666666665,0.035379633312590066,0.013475333333333317,0.004907346873141667,0.008681999999999985,0.004559359755416354,0.11467383333333334,0.0191682696988311,0.013475333333333336,0.004907346873141671,1.0,0.0,22934.766666666666,3833.6539397662195,460.7,22.56966227422142,0.10769000000000001,0.03910807756761362,0.10045866666666665,0.035379633312590066,200000.0,0.0,274.96666666666664,67.44882265956107,299.96666666666664,73.37644239707029,349.9,68.0113327270562,403.8666666666667,51.46725328711005,4.766666666666667,2.1444930810596343,24.8,28.908178057786518,101.13333333333334,58.442269382483026,185046.4,15672.63570598174,8157.566666666667,13893.070978712383,2695.0666666666666,981.4693746283341,4100.966666666666,1488.1041047039623
RQ2,informational_p201_permanent,INFORMATIONAL_CAMOUFLAGE,201.0,-1.0,,1.0,5.0,-1.0,0.33,30,0.11470533333333331,0.01914051790697227,0.10058466666666667,0.03569517138535525,0.013666499999999986,0.004880618981023922,0.00944666666666666,0.005263271130058357,0.11470533333333334,0.019140517906972278,0.0136665,0.004880618981023927,1.0,0.0,22941.066666666666,3828.1035813944554,461.73333333333335,22.20272324603966,0.1041373333333333,0.02367429086194753,,,200000.0,0.0,274.96666666666664,67.44882265956107,299.96666666666664,73.37644239707029,349.9,68.0113327270562,403.8666666666667,51.46725328711005,4.766666666666667,2.1444930810596343,24.833333333333332,28.924495445583993,101.5,58.56605466155877,185086.63333333333,15661.761303786418,8114.6,13893.780969469264,2733.3,976.1237962047852,4065.4666666666667,1483.148229700716
RQ3,control_reach14_7_wom0,NONE,,,14.7,0.0,5.0,-1.0,0.33,30,0.14483200000000002,0.014725586142540444,0.14227333333333328,0.028744523356432718,0.016941666666666643,0.004996213451262345,0.014686666666666653,0.005517319022442178,0.15574953430467617,0.01613942919235908,0.018220338939176826,0.0053903001347068566,0.9301333333333335,0.012483736546439892,28966.4,2945.1172285080897,40.46666666666667,4.775897340008352,0.14483200000000002,0.014725586142540444,,,186026.66666666666,2496.7473092879827,27.033333333333335,5.2750769455628985,29.033333333333335,5.041095483936098,31.633333333333333,4.686615816993319,35.2,4.838067439766021,1.0,0.0,3.6666666666666665,6.05340219718792,79.2,55.604142738245436,118761.7,4589.975066794274,51603.86666666667,3396.474244264782,3388.3333333333335,999.2426902524675,12272.766666666666,1930.4760656972376
RQ3,control_reach14_7_wom1,NONE,,,14.7,1.0,5.0,-1.0,0.33,30,0.09819499999999999,0.014508039685541292,0.09724733333333331,0.035242704692219476,0.0022168333333333202,0.0007404896834287167,0.0018513333333333264,0.001503858791365676,0.09821227982759186,0.014511503740298512,0.0022172240699482367,0.000740632551188499,0.9998253333333335,3.120934136610262e-05,19639.0,2901.6079371082606,87.36666666666666,19.962867828897306,0.09819499999999999,0.014508039685541292,,,199965.06666666668,6.241868273219956,38.833333333333336,11.323102210885535,46.833333333333336,15.565397816805142,57.733333333333334,18.463259571998346,70.76666666666667,18.386057936294602,5.7,13.582823839256543,52.86666666666667,49.188401585889245,162.03333333333333,84.0875911684105,194234.93333333332,1713.9465032759788,3276.9666666666667,1174.2670636535836,443.3666666666667,148.09793668574426,2009.8,511.3385679121835
RQ3,control_reach10_0_wom0,NONE,,,10.0,0.0,5.0,-1.0,0.33,30,0.13899883333333332,0.012391151228371318,0.14060799999999998,0.025517563714646314,0.011568499999999978,0.004063596621221158,0.010419333333333312,0.004406545236297962,0.15009460363124302,0.013728519158870947,0.012494656726098948,0.004403167976005764,0.9263333333333335,0.012855518963312662,27799.766666666666,2478.230245674262,28.566666666666666,4.804332336069424,0.13899883333333332,0.012391151228371318,,,185266.66666666666,2571.1037926625363,18.9,4.474833843958285,20.333333333333332,4.4126255639716465,21.8,4.45204331236483,24.866666666666667,4.868854806464943,1.0666666666666667,0.2537081317024625,6.8,16.05250007384176,75.4,66.49168991374943,120052.4,4185.577384469114,50801.566666666666,2986.70722487599,2313.7,812.7193242442313,12099.0,1338.7480770455297
RQ3,control_reach10_0_wom1,NONE,,,10.0,1.0,5.0,-1.0,0.33,30,0.0988935,0.017789045018561666,0.09840666666666666,0.03465744815539191,0.00155099999999999,0.0005616576451405524,0.00135733333333332,0.001254099301280115,0.09891183407029992,0.017793049434222222,0.0015512905725443464,0.0005617772820909701,0.9998158333333333,3.213879740828538e-05,19778.7,3557.8090037123343,64.16666666666667,15.315269219454414,0.0988935,0.017789045018561666,,,199963.16666666666,6.427759481656342,26.9,8.527238304600633,30.233333333333334,9.828471426153339,37.233333333333334,10.371324303872287,50.6,13.867849198030326,9.5,21.95881725349555,68.03333333333333,71.53512922084978,173.0,78.8175544948695,194056.96666666667,2656.604437394022,3494.733333333333,1925.725818084387,310.2,112.33152902810993,2101.266666666667,699.1617608365691
RQ3,control_reach5_0_wom0,NONE,,,5.0,0.0,5.0,-1.0,0.33,30,0.13599983333333332,0.01051526865901506,0.13633533333333334,0.0219088429215447,0.0057551666666666584,0.0035389723043935087,0.005399999999999986,0.003541867810380125,0.14756245181105124,0.011104430951422231,0.006251941537926426,0.0038629555861583505,0.9216000000000002,0.013281046905140854,27199.966666666667,2103.053731803012,14.266666666666667,3.6287485572789446,0.13599983333333332,0.01051526865901506,,,184320.0,2656.2093810281726,8.933333333333334,2.753472207123634,9.566666666666666,2.8968869537813355,10.466666666666667,2.921186973360886,12.066666666666666,3.483293460696835,1.0333333333333334,0.18257418583505533,10.766666666666667,31.195361429427994,97.3,73.95672080158867,119881.66666666667,4088.8346230573625,51475.4,3378.0714412322554,1151.0333333333333,707.7944608787037,11811.9,1816.53938423662
RQ3,control_reach5_0_wom1,NONE,,,5.0,1.0,5.0,-1.0,0.33,30,0.09756116666666664,0.017183175396165935,0.09137733333333334,0.03747222961932847,0.0007536666666666566,0.0002566795040826037,0.0006533333333333267,0.0005811126861659381,0.09758024882989659,0.01718653661052944,0.00075381422117852,0.0002567279828024671,0.9998039999999998,3.320261726284853e-05,19512.233333333334,3436.6350792331873,30.8,9.363907230461528,0.09756116666666664,0.017183175396165935,,,199960.8,6.6405234525704335,13.666666666666666,4.971181316162277,16.666666666666668,5.973119864822756,19.833333333333332,6.4705344518018,24.433333333333334,6.398724729265945,6.233333333333333,13.16914715467973,46.833333333333336,41.56845897563675,151.26666666666668,92.57389716751482,194347.56666666668,1965.9236432945122,3373.4333333333334,1441.404551681864,150.73333333333332,51.33590081652096,2089.0666666666666,605.3648619567822
RQ3,control_reach1_0_wom0,NONE,,,1.0,0.0,5.0,-1.0,0.33,30,0.13558266666666666,0.01191211804998514,0.13223599999999996,0.02342860579836479,0.0010963333333333266,0.0012144446249732577,0.0009866666666666602,0.0012424595555294475,0.14767367447005023,0.013022558531083077,0.0011925493435492886,0.0013183410664497793,0.9182666666666667,0.014041645775761261,27116.533333333333,2382.4236099970267,2.8,1.7300587990805003,0.13558266666666666,0.01191211804998514,,,183653.33333333334,2808.329155152252,1.8333333333333333,1.288766674084136,1.9,1.295882072114429,2.1333333333333333,1.407696414502182,2.433333333333333,1.5241353305225642,15.766666666666667,46.179323133383754,29.833333333333332,64.20821911795132,96.03333333333333,104.67041321356695,120156.33333333333,4268.306514971379,50912.53333333333,3037.7601972657344,219.26666666666668,242.88892499465155,12365.2,1984.928408332879
RQ3,control_reach1_0_wom1,NONE,,,1.0,1.0,5.0,-1.0,0.33,30,0.09352483333333333,0.010431574870632383,0.09953999999999998,0.03076987689507274,0.00019599999999999,0.00022047519213015237,0.00021866666666665334,0.00043779804297961806,0.09354386436652357,0.01043287692776685,0.00019603794754535826,0.0002205156356656269,0.9997956666666666,3.510411443939407e-05,18704.966666666667,2086.3149741264783,8.166666666666666,9.847398863040741,0.09352483333333333,0.010431574870632383,,,199959.13333333333,7.0208228878806285,2.933333333333333,2.362542951017462,3.466666666666667,2.849480694773182,4.466666666666667,3.7850279763311123,5.833333333333333,4.906598887587834,32.833333333333336,76.28308590639409,76.9,108.40675319338291,173.53333333333333,130.62917594930852,194291.93333333332,2007.4051690288331,3558.766666666667,1534.9498179674024,39.2,44.09503842603047,2069.233333333333,595.0883262944703
RQ3,control_reach0_0_wom0,NONE,,,0.0,0.0,5.0,-1.0,0.33,30,0.13412299999999996,0.013509372965872056,0.12626799999999996,0.02242719998819167,0.0,0.0,0.0,0.0,0.14616423124333036,0.014337438337537861,0.0,0.0,0.9174666666666668,0.014092632786338214,26824.6,2701.8745931744093,0.0,0.0,0.13412299999999996,0.013509372965872056,,,183493.33333333334,2818.526557267642,0.0,0.0,0.0,0.0,0.0,0.0,0.0,0.0,1.0,0.0,1.0,0.0,1.0,0.0,120468.33333333333,4696.497105021067,50553.4,3710.6428999614723,0.0,0.0,12471.6,2008.9770359649417
RQ3,control_reach0_0_wom1,NONE,,,0.0,1.0,5.0,-1.0,0.33,30,0.09563683333333332,0.011241378879354415,0.09309266666666667,0.030082766968910084,0.0,0.0,0.0,0.0,0.09565651917219799,0.011243207477430149,0.0,0.0,0.9997936666666668,3.523158196582961e-05,19127.366666666665,2248.275775870882,0.0,0.0,0.09563683333333332,0.011241378879354415,,,199958.73333333334,7.046316393169106,0.0,0.0,0.0,0.0,0.0,0.0,0.0,0.0,1.0,0.0,1.0,0.0,1.0,0.0,194227.76666666666,1931.7248444622344,3580.6,1454.723900809431,0.0,0.0,2150.366666666667,599.7175475018295
RQ3,credibility_reach14_7_wom0,CREDIBILITY_CAMOUFLAGE,1.0,-1.0,14.7,0.0,5.0,-1.0,0.33,30,0.147966,0.014679782919094013,0.14483533333333332,0.028569038791518057,0.022921833333333325,0.005623109564836956,0.019341333333333325,0.005866696029184627,0.15911767927253803,0.016077005907327416,0.02464499241191965,0.006055959924123484,0.9301333333333335,0.012483736546439892,29593.2,2935.9565838188014,40.46666666666667,4.775897340008352,0.147966,0.014679782919094013,,,186026.66666666666,2496.7473092879827,27.033333333333335,5.2750769455628985,29.033333333333335,5.041095483936098,31.633333333333333,4.686615816993319,35.2,4.838067439766021,1.0,0.0,3.6666666666666665,6.05340219718792,79.2,55.604142738245436,117940.2,4603.138872102609,51307.53333333333,3356.3595706980045,4584.366666666667,1124.6219129673923,12194.566666666668,1896.6703616916514
RQ3,credibility_reach14_7_wom1,CREDIBILITY_CAMOUFLAGE,1.0,-1.0,14.7,1.0,5.0,-1.0,0.33,30,0.09829233333333333,0.014494060063572135,0.09740933333333329,0.03543507661502432,0.0025453333333333226,0.000799508397805123,0.002314666666666653,0.0019693509053761147,0.09830963030649005,0.014497521565663002,0.0025457812660267492,0.0007996577255920086,0.9998253333333335,3.120934136610262e-05,19658.466666666667,2898.8120127144275,103.36666666666666,24.063827960072228,0.09829233333333333,0.014494060063572135,,,199965.06666666668,6.241868273219956,40.2,12.970523611582559,49.9,17.889218482958793,63.233333333333334,22.2023349709196,79.4,22.043217738702808,11.533333333333333,23.03480624729834,70.8,71.62228510832317,178.43333333333334,89.39555004482098,194263.4,1639.4314111069539,3212.266666666667,1127.3573289451915,509.06666666666666,159.9016795610252,1980.3333333333333,474.6850377434191
RQ3,credibility_reach10_0_wom0,CREDIBILITY_CAMOUFLAGE,1.0,-1.0,10.0,0.0,5.0,-1.0,0.33,30,0.14110799999999998,0.01266036045681764,0.14224199999999998,0.02542350872444771,0.015408333333333323,0.00482273393871963,0.01332999999999999,0.005027663473224906,0.15237278729850268,0.014030744685706819,0.016639924525173634,0.005220662753786881,0.9263333333333335,0.012855518963312662,28221.6,2532.0720913635278,28.566666666666666,4.804332336069424,0.14110799999999998,0.01266036045681764,,,185266.66666666666,2571.1037926625363,18.9,4.474833843958285,20.333333333333332,4.4126255639716465,21.8,4.45204331236483,24.866666666666667,4.868854806464943,1.0666666666666667,0.2537081317024625,6.8,16.05250007384176,75.4,66.49168991374943,119430.63333333333,4131.307069475573,50659.433333333334,2922.1330504218686,3081.6666666666665,964.5467877439262,12094.933333333332,1333.3326908044428
RQ3,credibility_reach10_0_wom1,CREDIBILITY_CAMOUFLAGE,1.0,-1.0,10.0,1.0,5.0,-1.0,0.33,30,0.098983,0.01779847390784602,0.09847333333333333,0.034645325438111337,0.0017841666666666498,0.0006483242102599539,0.00166799999999998,0.001546436169903617,0.09900135128943374,0.01780248171237087,0.001784501673660833,0.0006484633729028827,0.9998158333333333,3.213879740828538e-05,19796.6,3559.694781569206,74.4,19.069021637380786,0.098983,0.01779847390784602,,,199963.16666666666,6.427759481656342,27.733333333333334,9.332676495770794,31.566666666666666,11.041249721036966,40.1,12.234349608574522,56.2,15.490597815760863,16.566666666666666,26.531287104139878,87.46666666666667,88.84109538881799,182.13333333333333,90.31581880510623,194065.66666666666,2619.150340424758,3451.766666666667,1891.4702123924174,356.8333333333333,129.66484205199117,2088.9,685.5716140061769
RQ3,credibility_reach5_0_wom0,CREDIBILITY_CAMOUFLAGE,1.0,-1.0,5.0,0.0,5.0,-1.0,0.33,30,0.13709033333333334,0.010605256336082737,0.137096,0.02205471215581518,0.00788699999999999,0.004060125401494651,0.006935999999999983,0.004196226219206805,0.14874697018106595,0.011216057554874611,0.008567691953905807,0.004429575797962061,0.9216000000000002,0.013281046905140854,27418.066666666666,2121.051267216547,14.266666666666667,3.6287485572789446,0.13709033333333334,0.010605256336082737,,,184320.0,2656.2093810281726,8.933333333333334,2.753472207123634,9.566666666666666,2.8968869537813355,10.466666666666667,2.921186973360886,12.066666666666666,3.483293460696835,1.0333333333333334,0.18257418583505533,10.766666666666667,31.195361429427994,97.3,73.95672080158867,119641.06666666667,4063.228264131463,51327.0,3356.0351093473996,1577.4,812.0250802989294,11774.533333333333,1803.8929499038027
RQ3,credibility_reach5_0_wom1,CREDIBILITY_CAMOUFLAGE,1.0,-1.0,5.0,1.0,5.0,-1.0,0.33,30,0.09760783333333331,0.017179228068811173,0.09140399999999999,0.03744567389957221,0.0008786666666666633,0.0003363519639873666,0.0007959999999999867,0.0007477303589230371,0.09762692427405827,0.017182586346163032,0.0008788378415283734,0.0003364132231320818,0.9998039999999998,3.320261726284853e-05,19521.566666666666,3435.8456137622356,36.46666666666667,13.428567934877092,0.09760783333333331,0.017179228068811173,,,199960.8,6.6405234525704335,14.5,6.095504278875794,18.1,7.471093720420749,21.2,7.792126884189602,26.966666666666665,8.289932961474847,12.966666666666667,26.211978484882703,66.03333333333333,59.53641790930375,180.76666666666668,88.03709380174627,194354.76666666666,1940.3677341365376,3348.5,1416.8008827563986,175.73333333333332,67.27039279747396,2081.8,599.3015705083652
RQ3,credibility_reach1_0_wom0,CREDIBILITY_CAMOUFLAGE,1.0,-1.0,1.0,0.0,5.0,-1.0,0.33,30,0.13587566666666664,0.011979297928116426,0.1324673333333333,0.023274658400890883,0.0015921666666666437,0.0013867362348541365,0.0013453333333333301,0.001176563474358864,0.1479900464352536,0.013063811647930502,0.001727570634266518,0.0014981187844307275,0.9182666666666667,0.014041645775761261,27175.133333333335,2395.859585623287,2.8,1.7300587990805003,0.13587566666666664,0.011979297928116426,,,183653.33333333334,2808.329155152252,1.8333333333333333,1.288766674084136,1.9,1.295882072114429,2.1333333333333333,1.407696414502182,2.433333333333333,1.5241353305225642,15.766666666666667,46.179323133383754,29.833333333333332,64.20821911795132,96.03333333333333,104.67041321356695,120049.56666666667,4262.401271449061,50918.7,3030.5537920002175,318.43333333333334,277.3472469708305,12366.633333333333,2005.9562425752056
RQ3,credibility_reach1_0_wom1,CREDIBILITY_CAMOUFLAGE,1.0,-1.0,1.0,1.0,5.0,-1.0,0.33,30,0.09353983333333331,0.010422935955707561,0.09958466666666665,0.030760687711846556,0.00021899999999999334,0.0002459828982000536,0.0002453333333333233,0.00045646115016417023,0.09355886782647888,0.01042423932307986,0.00021904275857947405,0.00024602841579464977,0.9997956666666666,3.510411443939407e-05,18707.966666666667,2084.5871911415134,9.4,10.842445327953246,0.09353983333333331,0.010422935955707561,,,199959.13333333333,7.0208228878806285,2.933333333333333,2.2117762144910826,3.533333333333333,2.556038601690775,4.6,3.489886867052797,6.333333333333333,5.4414332121509,39.233333333333334,82.83164618185131,89.03333333333333,111.08787553983568,186.06666666666666,129.83648425492026,194284.4,2007.5313816416076,3561.366666666667,1535.7338913553583,43.8,49.19657964001015,2069.5666666666666,593.7426403657613
RQ3,credibility_reach0_0_wom0,CREDIBILITY_CAMOUFLAGE,1.0,-1.0,0.0,0.0,5.0,-1.0,0.33,30,0.13412299999999996,0.013509372965872056,0.12626799999999996,0.02242719998819167,0.0,0.0,0.0,0.0,0.14616423124333036,0.014337438337537861,0.0,0.0,0.9174666666666668,0.014092632786338214,26824.6,2701.8745931744093,0.0,0.0,0.13412299999999996,0.013509372965872056,,,183493.33333333334,2818.526557267642,0.0,0.0,0.0,0.0,0.0,0.0,0.0,0.0,1.0,0.0,1.0,0.0,1.0,0.0,120468.33333333333,4696.497105021067,50553.4,3710.6428999614723,0.0,0.0,12471.6,2008.9770359649417
RQ3,credibility_reach0_0_wom1,CREDIBILITY_CAMOUFLAGE,1.0,-1.0,0.0,1.0,5.0,-1.0,0.33,30,0.09563683333333332,0.011241378879354415,0.09309266666666667,0.030082766968910084,0.0,0.0,0.0,0.0,0.09565651917219799,0.011243207477430149,0.0,0.0,0.9997936666666668,3.523158196582961e-05,19127.366666666665,2248.275775870882,0.0,0.0,0.09563683333333332,0.011241378879354415,,,199958.73333333334,7.046316393169106,0.0,0.0,0.0,0.0,0.0,0.0,0.0,0.0,1.0,0.0,1.0,0.0,1.0,0.0,194227.76666666666,1931.7248444622344,3580.6,1454.723900809431,0.0,0.0,2150.366666666667,599.7175475018295
RQ3,informational_reach14_7_wom0,INFORMATIONAL_CAMOUFLAGE,1.0,-1.0,14.7,0.0,5.0,-1.0,0.33,30,0.14993483333333332,0.014716845818086605,0.14733733333333332,0.02841741172583108,0.02649433333333331,0.006212520690777078,0.02375933333333333,0.006924695403899117,0.16123507857774563,0.01613549472389811,0.02848371928615043,0.006678873205654864,0.9301333333333335,0.012483736546439892,29986.966666666667,2943.369163617322,40.46666666666667,4.775897340008352,0.14993483333333332,0.014716845818086605,,,186026.66666666666,2496.7473092879827,27.033333333333335,5.2750769455628985,29.033333333333335,5.041095483936098,31.633333333333333,4.686615816993319,35.2,4.838067439766021,1.0,0.0,3.6666666666666665,6.05340219718792,79.2,55.604142738245436,117323.26666666666,4724.009240650056,51212.166666666664,3530.980679283202,5298.866666666667,1242.504138155416,12192.366666666667,1853.3489070502533
RQ3,informational_reach14_7_wom1,INFORMATIONAL_CAMOUFLAGE,1.0,-1.0,14.7,1.0,5.0,-1.0,0.33,30,0.09838649999999999,0.014522938583021248,0.09747799999999998,0.03549271332696817,0.0027218333333333105,0.0009416177232728906,0.002450666666666659,0.0020680007559081767,0.09840381267924107,0.014526399015035467,0.0027223120049369564,0.0009417908007223241,0.9998253333333335,3.120934136610262e-05,19677.3,2904.5877166042474,109.43333333333334,29.58527515077604,0.09838649999999999,0.014522938583021248,,,199965.06666666668,6.241868273219956,41.8,14.082025716347136,52.5,19.576111409854473,66.8,25.39807215056917,84.3,26.88692798650906,12.133333333333333,20.742648607744574,68.3,59.831458684172674,184.4,87.80016495153777,194237.1,1680.2234323918412,3201.0666666666666,1124.5747068400426,544.3666666666667,188.32354465457678,1982.5333333333333,482.5761139417558
RQ3,informational_reach10_0_wom0,INFORMATIONAL_CAMOUFLAGE,1.0,-1.0,10.0,0.0,5.0,-1.0,0.33,30,0.14255099999999996,0.01258193096851798,0.14383666666666667,0.025284399488049232,0.018090499999999975,0.0051976238520016526,0.016350666666666656,0.00547739866103921,0.15392777837833335,0.013920632610479721,0.019528952476922254,0.005599461341834161,0.9263333333333335,0.012855518963312662,28510.2,2516.3861937035954,28.566666666666666,4.804332336069424,0.14255099999999996,0.01258193096851798,,,185266.66666666666,2571.1037926625363,18.9,4.474833843958285,20.333333333333332,4.4126255639716465,21.8,4.45204331236483,24.866666666666667,4.868854806464943,1.0666666666666667,0.2537081317024625,6.8,16.05250007384176,75.4,66.49168991374943,119017.5,4291.709688658372,50571.73333333333,3008.6272036553005,3618.1,1039.5247704003316,12059.333333333334,1362.9917229321713
RQ3,informational_reach10_0_wom1,INFORMATIONAL_CAMOUFLAGE,1.0,-1.0,10.0,1.0,5.0,-1.0,0.33,30,0.09910933333333331,0.01789163736138379,0.098652,0.0348971405211333,0.002010499999999987,0.0009078663409904785,0.002042666666666653,0.0023118151300228003,0.09912770905681989,0.0178956680272738,0.002010879169996483,0.0009080634881503633,0.9998158333333333,3.213879740828538e-05,19821.866666666665,3578.3274722767583,83.66666666666667,26.979345015608963,0.09910933333333331,0.01789163736138379,,,199963.16666666666,6.427759481656342,28.8,10.128144467019988,33.63333333333333,13.15290274330015,43.3,14.890751584746175,60.5,18.546772188731108,23.533333333333335,40.747949669877265,92.56666666666666,90.58228620824627,202.83333333333334,89.71259986597559,194022.0,2656.0344306035877,3445.2,1864.1144592651438,402.1,181.57326819809663,2093.866666666667,693.2902429138464
RQ3,informational_reach5_0_wom0,INFORMATIONAL_CAMOUFLAGE,1.0,-1.0,5.0,0.0,5.0,-1.0,0.33,30,0.13791583333333332,0.010398513660642782,0.13785066666666662,0.021735889110001894,0.00920916666666666,0.0037732883955632077,0.008137333333333312,0.004080452082233332,0.1496458494848111,0.011030719479198765,0.01000532517006698,0.004123750031065244,0.9216000000000002,0.013281046905140854,27583.166666666668,2079.702732128558,14.266666666666667,3.6287485572789446,0.13791583333333332,0.010398513660642782,,,184320.0,2656.2093810281726,8.933333333333334,2.753472207123634,9.566666666666666,2.8968869537813355,10.466666666666667,2.921186973360886,12.066666666666666,3.483293460696835,1.0333333333333334,0.18257418583505533,10.766666666666667,31.195361429427994,97.3,73.95672080158867,119361.8,4111.4871493548835,51292.566666666666,3302.435941933577,1841.8333333333333,754.6576791126412,11823.8,1797.4813681831356
RQ3,informational_reach5_0_wom1,INFORMATIONAL_CAMOUFLAGE,1.0,-1.0,5.0,1.0,5.0,-1.0,0.33,30,0.09764233333333334,0.017193074324059785,0.09147466666666663,0.037517065517674364,0.0009849999999999868,0.0004328733190493829,0.0008919999999999967,0.0008418632864684422,0.09766143019256125,0.017196431449508377,0.0009851905476028532,0.000432950589769849,0.9998039999999998,3.320261726284853e-05,19528.466666666667,3438.614864811956,42.266666666666666,18.537814723225704,0.09764233333333334,0.017193074324059785,,,199960.8,6.6405234525704335,15.6,7.398042611580351,19.866666666666667,9.740542126572844,23.366666666666667,10.094325252281628,29.9,10.574367185761536,15.3,21.601644254147846,76.6,65.3371099072685,191.86666666666667,89.08799730809879,194356.63333333333,1945.0541962723769,3329.633333333333,1409.7092261522766,197.0,86.57466380987628,2077.5333333333333,595.2453990225135
RQ3,informational_reach1_0_wom0,INFORMATIONAL_CAMOUFLAGE,1.0,-1.0,1.0,0.0,5.0,-1.0,0.33,30,0.13605133333333327,0.011855008030461162,0.13270666666666664,0.023156567152729048,0.001895499999999987,0.0019962012846818484,0.001703333333333333,0.0018979341461147976,0.148183720569797,0.012954436884660758,0.0020622166511713625,0.002165840853150682,0.9182666666666667,0.014041645775761261,27210.266666666666,2371.0016060922344,2.8,1.7300587990805003,0.13605133333333327,0.011855008030461162,,,183653.33333333334,2808.329155152252,1.8333333333333333,1.288766674084136,1.9,1.295882072114429,2.1333333333333333,1.407696414502182,2.433333333333333,1.5241353305225642,15.766666666666667,46.179323133383754,29.833333333333332,64.20821911795132,96.03333333333333,104.67041321356695,120007.26666666666,4257.92508099923,50883.066666666666,3018.3328457637163,379.1,399.2402569363724,12383.9,1992.1180436911864
RQ3,informational_reach1_0_wom1,INFORMATIONAL_CAMOUFLAGE,1.0,-1.0,1.0,1.0,5.0,-1.0,0.33,30,0.09354449999999999,0.01043943785231819,0.09960866666666666,0.030761565218835076,0.0002371666666666567,0.000265922867133244,0.00031799999999998664,0.0005472779033071549,0.09356353479645715,0.010440738636209899,0.0002372127634092199,0.00026597128474621266,0.9997956666666666,3.510411443939407e-05,18708.9,2087.8875704636375,10.133333333333333,12.107943626007463,0.09354449999999999,0.01043943785231819,,,199959.13333333333,7.0208228878806285,2.966666666666667,2.1732437750393134,3.6666666666666665,2.617360256564556,4.7,3.395229919592568,6.333333333333333,5.04006932993731,46.333333333333336,86.26356298490445,97.16666666666667,111.09395940415462,209.56666666666666,137.59302391431427,194288.53333333333,2014.9914645722076,3553.5,1536.123373053538,47.43333333333333,53.18457342664988,2069.6666666666665,596.8930669167916
RQ3,informational_reach0_0_wom0,INFORMATIONAL_CAMOUFLAGE,1.0,-1.0,0.0,0.0,5.0,-1.0,0.33,30,0.13412299999999996,0.013509372965872056,0.12626799999999996,0.02242719998819167,0.0,0.0,0.0,0.0,0.14616423124333036,0.014337438337537861,0.0,0.0,0.9174666666666668,0.014092632786338214,26824.6,2701.8745931744093,0.0,0.0,0.13412299999999996,0.013509372965872056,,,183493.33333333334,2818.526557267642,0.0,0.0,0.0,0.0,0.0,0.0,0.0,0.0,1.0,0.0,1.0,0.0,1.0,0.0,120468.33333333333,4696.497105021067,50553.4,3710.6428999614723,0.0,0.0,12471.6,2008.9770359649417
RQ3,informational_reach0_0_wom1,INFORMATIONAL_CAMOUFLAGE,1.0,-1.0,0.0,1.0,5.0,-1.0,0.33,30,0.09563683333333332,0.011241378879354415,0.09309266666666667,0.030082766968910084,0.0,0.0,0.0,0.0,0.09565651917219799,0.011243207477430149,0.0,0.0,0.9997936666666668,3.523158196582961e-05,19127.366666666665,2248.275775870882,0.0,0.0,0.09563683333333332,0.011241378879354415,,,199958.73333333334,7.046316393169106,0.0,0.0,0.0,0.0,0.0,0.0,0.0,0.0,1.0,0.0,1.0,0.0,1.0,0.0,194227.76666666666,1931.7248444622344,3580.6,1454.723900809431,0.0,0.0,2150.366666666667,599.7175475018295
RQ4,control_c3_window25,NONE,,,,1.0,3.0,25.0,-1.0,15,0.13225266666666666,0.014121035204194318,0.10174133333333332,0.034259258157814935,0.004463666666666667,0.000353687042184929,1.3333333333333334e-06,5.1639777949432234e-06,0.13225266666666666,0.014121035204194318,0.004463666666666667,0.000353687042184929,1.0,0.0,26450.533333333333,2824.2070408388636,268.4,8.60066442616084,0.13225266666666666,0.014121035204194318,,,200000.0,0.0,259.6,8.051619180548183,262.53333333333336,8.567935796300285,265.8666666666667,9.046441026066287,268.2,8.661903452969874,2.1333333333333333,0.3518657752744984,5.466666666666667,0.6399404734221844,11.666666666666666,0.816496580927726,150140.53333333333,5536.085193226949,38601.46666666667,5388.300194027091,892.7333333333333,70.73740843698583,10365.266666666666,708.9425189943788
RQ4,credibility_c3_window25,CREDIBILITY_CAMOUFLAGE,1.0,-1.0,,1.0,3.0,25.0,-1.0,15,0.13370266666666664,0.014284522701494936,0.10161866666666666,0.03440996240016766,0.007144999999999973,0.0006786725488565365,1.3333333333333334e-06,5.1639777949432234e-06,0.13370266666666666,0.014284522701494924,0.007145000000000001,0.0006786725488565369,1.0,0.0,26740.533333333333,2856.9045402989846,269.1333333333333,8.425019429114236,0.13370266666666664,0.014284522701494936,,,200000.0,0.0,259.0,8.58570240075241,261.8,8.486964794823377,266.26666666666665,8.891943919451284,269.0,8.443086774735546,2.1333333333333333,0.3518657752744984,5.466666666666667,0.6399404734221844,11.866666666666667,0.9154754164341268,149564.26666666666,5848.701497727834,38747.53333333333,5668.793092344218,1429.0,135.7345097713074,10259.2,695.6025342925985
RQ4,control_c3_half0_33,NONE,,,,1.0,3.0,-1.0,0.33,15,0.10410266666666665,0.01891870227981775,0.10350399999999998,0.040598678514735635,0.012154999999999987,0.0040847796758209515,0.008693333333333322,0.008343013044857758,0.10410266666666666,0.018918702279817737,0.012155000000000001,0.004084779675820962,1.0,0.0,20820.533333333333,3783.740455963548,450.26666666666665,34.06813900461977,0.10410266666666665,0.01891870227981775,,,200000.0,0.0,304.0,83.02065147557306,328.6,86.2262803823256,349.1333333333333,78.7671674409247,396.6666666666667,56.711886719082926,4.266666666666667,1.3345232785352157,22.0,27.323459308283578,84.8,64.99032895087434,189227.53333333333,3513.713559889648,4620.466666666666,1662.4697147259412,2431.0,816.9559351641923,3721.0,1115.4867611431855
RQ4,credibility_c3_half0_33,CREDIBILITY_CAMOUFLAGE,1.0,-1.0,,1.0,3.0,-1.0,0.33,15,0.10398533333333333,0.018837746156005374,0.10352133333333333,0.040835410730440905,0.01258766666666666,0.0043531675112442395,0.009098666666666661,0.008892495926876987,0.10398533333333333,0.018837746156005374,0.012587666666666667,0.004353167511244241,1.0,0.0,20797.066666666666,3767.549231201075,453.8,33.55422051375526,0.10398533333333333,0.018837746156005374,,,200000.0,0.0,311.0,85.6846377296254,335.8,88.03505795176959,355.46666666666664,79.93914351972171,402.26666666666665,57.40018251173904,4.2,1.2071217242444348,22.066666666666666,27.980775713403833,74.93333333333334,68.9300542648298,189447.4,3494.6136675910666,4452.466666666666,1604.6348434931797,2517.5333333333333,870.6335022488481,3582.6,1118.847672512087
RQ4,control_c3_half1,NONE,,,,1.0,3.0,-1.0,1.0,15,0.102094,0.0159642639085821,0.09466933333333334,0.03662177483930773,0.0049749999999999985,0.0013129764441364297,0.0,0.0,0.102094,0.0159642639085821,0.0049749999999999985,0.0013129764441364297,1.0,0.0,20418.8,3192.852781716421,265.0,44.71816505307754,0.102094,0.0159642639085821,,,200000.0,0.0,204.4,31.896708294117122,245.6,38.18152133465313,262.2,43.563090537091796,264.93333333333334,44.61016326653229,2.2666666666666666,0.45773770821706344,8.6,3.5213633723318023,23.0,6.622472563713862,187880.86666666667,2720.232654615795,7697.266666666666,2121.4934586837862,995.0,262.5952888272859,3426.866666666667,587.5108347531822
RQ4,credibility_c3_half1,CREDIBILITY_CAMOUFLAGE,1.0,-1.0,,1.0,3.0,-1.0,1.0,15,0.10246199999999998,0.01580986918261593,0.09466933333333334,0.03662177483930773,0.006373666666666666,0.001802260947756879,0.0,0.0,0.10246200000000001,0.01580986918261592,0.006373666666666666,0.001802260947756879,1.0,0.0,20492.4,3161.9738365231838,276.6,42.48999882325251,0.10246199999999998,0.01580986918261593,,,200000.0,0.0,209.53333333333333,31.69242060508354,255.53333333333333,38.23399135897396,274.1333333333333,42.05076297365681,276.6,42.48999882325251,2.3333333333333335,0.6172133998483676,9.266666666666667,3.494212902718409,23.666666666666668,6.542898731412844,187966.26666666666,2686.5763520209316,7444.533333333334,2183.5411562304894,1274.7333333333333,360.4521895513758,3314.4666666666667,530.3598329256773
RQ4,control_c3_half5,NONE,,,,1.0,3.0,-1.0,5.0,15,0.11791699999999998,0.015277514967147913,0.09634799999999996,0.0361580244403448,0.00363666666666666,0.00037839259028282904,0.00027066666666662666,0.0001597974908915652,0.117917,0.015277514967147915,0.003636666666666667,0.00037839259028283364,1.0,0.0,23583.4,3055.502993429583,231.46666666666667,12.22916108947711,0.11791699999999998,0.015277514967147913,,,200000.0,0.0,209.2,11.314971119210663,216.4,11.400501242113375,223.66666666666666,11.579949831291934,229.26666666666668,12.197579775551885,2.0,0.0,4.4,0.6324555320336759,9.533333333333333,0.990430401872025,167468.13333333333,3392.3723234563126,24766.066666666666,3277.876260775013,727.3333333333334,75.67851805656672,7038.466666666666,673.1464356360538
RQ4,credibility_c3_half5,CREDIBILITY_CAMOUFLAGE,1.0,-1.0,,1.0,3.0,-1.0,5.0,15,0.11868333333333334,0.014987819300383636,0.09623466666666664,0.03619652664210175,0.005831666666666653,0.0005913141136083089,0.00026266666666663335,0.0001619288497487417,0.11868333333333334,0.01498781930038364,0.005831666666666667,0.0005913141136083097,1.0,0.0,23736.666666666668,2997.5638600767284,240.6,11.39423413084756,0.11868333333333334,0.014987819300383636,,,200000.0,0.0,210.13333333333333,11.575014141717167,219.4,10.76900313731167,228.86666666666667,10.888176199546963,237.13333333333333,11.746529375988143,2.066666666666667,0.2581988897471611,4.533333333333333,0.5163977794943223,10.866666666666667,1.4074631010979934,167489.26666666666,3120.414703818953,24441.533333333333,2876.065886059007,1166.3333333333333,118.26282272166195,6902.866666666667,643.0156481840265
RQ4,control_c5_window25,NONE,,,,1.0,5.0,25.0,-1.0,15,0.13319566666666663,0.015478535122026564,0.08793866666666665,0.028411499147519906,0.004508999999999981,0.00044090086349265226,5.333333333333334e-06,1.1872336794093276e-05,0.13319566666666666,0.015478535122026554,0.004509,0.000440900863492658,1.0,0.0,26639.133333333335,3095.70702440531,272.06666666666666,11.27238513654793,0.13319566666666663,0.015478535122026564,,,200000.0,0.0,266.93333333333334,10.700244768005922,268.3333333333333,10.560483394419478,270.8,10.71180923760581,271.6,11.147068801130766,2.066666666666667,0.2581988897471611,5.0,0.5345224838248488,11.133333333333333,1.1872336794093272,152569.46666666667,5789.378462404439,36257.6,5967.8470848850875,901.8,88.1801726985316,10271.133333333333,962.1380110883014
RQ4,credibility_c5_window25,CREDIBILITY_CAMOUFLAGE,1.0,-1.0,,1.0,5.0,25.0,-1.0,15,0.1345863333333333,0.015278445889864703,0.0878013333333333,0.0284918048033532,0.007463333333333312,0.0008182748985052653,5.333333333333334e-06,1.1872336794093276e-05,0.13458633333333334,0.01527844588986471,0.007463333333333333,0.0008182748985052696,1.0,0.0,26917.266666666666,3055.689177972942,273.0,11.313708498984761,0.1345863333333333,0.015278445889864703,,,200000.0,0.0,267.4,10.848304673344785,269.3333333333333,10.958797292369182,271.8666666666667,11.26224201649455,272.6666666666667,11.235572759681425,2.1333333333333333,0.3518657752744984,5.066666666666666,0.45773770821706344,11.2,1.082325538564332,152305.33333333334,5776.452577573227,36069.933333333334,5977.182989940838,1492.6666666666667,163.65497970105397,10132.066666666668,976.9253127371952
RQ4,control_c5_half0_33,NONE,,,,1.0,5.0,-1.0,0.33,15,0.11919099999999996,0.02354254069005419,0.09063599999999997,0.033469863800994815,0.015070333333333316,0.0061661789124994055,0.008050666666666645,0.0039086633935156885,0.11919099999999999,0.023542540690054185,0.015070333333333335,0.006166178912499408,1.0,0.0,23838.2,4708.508138010838,467.26666666666665,28.579379845982526,0.11919099999999996,0.02354254069005419,,,200000.0,0.0,273.46666666666664,67.3942204671955,303.2,77.84526777065973,372.46666666666664,67.55724204244096,423.6,51.871820040227185,4.733333333333333,2.6583202716502514,21.666666666666668,22.474323974154107,92.13333333333334,46.395607345441455,180239.26666666666,21373.37308250173,12162.866666666667,19117.031650436984,3014.0666666666666,1233.2357824998817,4583.8,1789.5356620403757
RQ4,credibility_c5_half0_33,CREDIBILITY_CAMOUFLAGE,1.0,-1.0,,1.0,5.0,-1.0,0.33,15,0.11942699999999999,0.023863033186440123,0.09070533333333332,0.033783635486233074,0.015920333333333314,0.006727994146704895,0.00845466666666666,0.004313225287525851,0.11942699999999999,0.023863033186440126,0.01592033333333333,0.006727994146704889,1.0,0.0,23885.4,4772.606637288026,470.6666666666667,27.99149530703584,0.11942699999999999,0.023863033186440123,,,200000.0,0.0,281.93333333333334,69.9994557801974,312.6666666666667,81.30161364297993,383.26666666666665,68.99944789289121,431.3333333333333,51.12542932640785,4.733333333333333,2.6583202716502514,21.2,22.482374048510597,83.26666666666667,43.09369636810779,180434.2,21541.323132859918,11912.8,19097.49285788956,3184.0666666666666,1345.5988293409775,4468.933333333333,1796.077530408444
RQ4,control_c5_half1,NONE,,,,1.0,5.0,-1.0,1.0,15,0.10656366666666667,0.01714344756820545,0.08133733333333334,0.03067895590202012,0.004145333333333326,0.0012329993434517276,0.0,0.0,0.10656366666666667,0.017143447568205454,0.004145333333333333,0.0012329993434517233,1.0,0.0,21312.733333333334,3428.689513641091,236.4,46.53385864077897,0.10656366666666667,0.01714344756820545,,,200000.0,0.0,186.6,21.52340918296037,215.46666666666667,28.62782529205425,233.66666666666666,44.44525792906317,236.33333333333334,46.57968083474453,1.9333333333333333,0.4577377082170634,6.533333333333333,4.3237990350197935,21.266666666666666,11.335574008193765,188486.86666666667,4968.977400786182,7622.133333333333,4566.355797204886,829.0666666666667,246.5998686903447,3061.9333333333334,449.97356536113267
RQ4,credibility_c5_half1,CREDIBILITY_CAMOUFLAGE,1.0,-1.0,,1.0,5.0,-1.0,1.0,15,0.107107,0.01701008774227811,0.08134400000000003,0.03068796711602588,0.005411,0.001696699737726154,4e-06,1.5491933384829667e-05,0.107107,0.01701008774227811,0.005411,0.001696699737726154,1.0,0.0,21421.4,3402.0175484556216,246.46666666666667,40.95270210283821,0.107107,0.01701008774227811,,,200000.0,0.0,192.46666666666667,21.937790833779655,224.73333333333332,28.18679190853826,244.2,40.361226089262594,246.46666666666667,40.95270210283821,2.0,0.3779644730092272,6.866666666666666,4.172472146045292,22.933333333333334,11.022487836021325,188628.53333333333,4436.540542016085,7283.666666666667,3953.1304713871414,1082.2,339.3399475452308,3005.6,419.6036905734471
RQ4,control_c5_half5,NONE,,,,1.0,5.0,-1.0,5.0,15,0.11992866666666666,0.01580693151150861,0.08285866666666664,0.030116123319735625,0.003511666666666667,0.00042441416205445,0.00018133333333332665,0.0001555573696039378,0.11992866666666666,0.015806931511508606,0.003511666666666667,0.00042441416205445,1.0,0.0,23985.733333333334,3161.3863023017216,226.86666666666667,10.662796917096289,0.11992866666666666,0.01580693151150861,,,200000.0,0.0,213.06666666666666,9.027471301269149,219.53333333333333,9.156314500829208,223.06666666666666,10.361099408478859,225.93333333333334,10.367991034681603,2.0,0.0,4.0,0.3779644730092272,8.266666666666667,0.7037315505489968,169217.73333333334,5609.094559815549,23162.2,5756.083877081709,702.3333333333334,84.88283241089,6917.733333333334,758.1054832999981
RQ4,credibility_c5_half5,CREDIBILITY_CAMOUFLAGE,1.0,-1.0,,1.0,5.0,-1.0,5.0,15,0.12096833333333334,0.016059715758321984,0.08297333333333332,0.030192661990875183,0.00543566666666666,0.0007915104607797842,0.00025599999999998665,0.00024262846376419214,0.12096833333333334,0.016059715758321977,0.005435666666666667,0.0007915104607797735,1.0,0.0,24193.666666666668,3211.9431516643954,230.66666666666666,12.15769401693939,0.12096833333333334,0.016059715758321984,,,200000.0,0.0,213.33333333333334,9.013217807092829,220.46666666666667,10.259954515818608,224.86666666666667,11.752608626335244,229.2,12.078315871251021,2.0,0.0,4.133333333333334,0.3518657752744984,8.666666666666666,0.8164965809277261,168482.33333333334,5847.8221057888195,23650.733333333334,5894.960807656784,1087.1333333333334,158.30209215595474,6779.8,767.5650926329124
RQ4,control_c10_window25,NONE,,,,1.0,10.0,25.0,-1.0,15,0.12434366666666667,0.015997067863771017,0.10140799999999997,0.03626817479357271,0.004427,0.00036166183889689785,0.0,0.0,0.12434366666666667,0.015997067863771017,0.004427,0.00036166183889689785,1.0,0.0,24868.733333333334,3199.413572754202,266.8666666666667,9.627836625911248,0.12434366666666667,0.015997067863771017,,,200000.0,0.0,263.4,9.796500833023423,264.6,9.969954864491616,266.1333333333333,9.553358920644962,266.8,9.63030929632362,2.1333333333333333,0.3518657752744984,5.2,0.5606119105813882,11.0,1.0690449676496976,158053.33333333334,3977.8105547554433,31196.6,4330.067746088309,885.4,72.33236777937958,9864.666666666666,920.7807763497444
RQ4,credibility_c10_window25,CREDIBILITY_CAMOUFLAGE,1.0,-1.0,,1.0,10.0,25.0,-1.0,15,0.12561566666666663,0.016006392792821737,0.1013813333333333,0.03630690880075947,0.007168333333333327,0.0007117299514629932,5.333333333333334e-06,2.0655911179772894e-05,0.12561566666666665,0.016006392792821726,0.007168333333333332,0.0007117299514629997,1.0,0.0,25123.133333333335,3201.2785585643446,266.0,9.242757782641036,0.12561566666666663,0.016006392792821737,,,200000.0,0.0,263.0,9.524404743304734,263.93333333333334,9.56531432286666,265.3333333333333,9.286446857549727,265.93333333333334,9.269509670085549,2.1333333333333333,0.3518657752744984,5.2,0.5606119105813882,11.0,0.7559289460184544,157797.33333333334,3730.345190206295,31023.2,4047.8447916320674,1433.6666666666667,142.3459902925999,9745.8,946.7752939018092
RQ4,control_c10_half0_33,NONE,,,,1.0,10.0,-1.0,0.33,15,0.10930166666666664,0.021588366714065065,0.11157866666666667,0.04815169925301059,0.014849333333333327,0.004792791039924547,0.01255466666666666,0.011907523352106096,0.10930166666666664,0.021588366714065062,0.014849333333333334,0.00479279103992454,1.0,0.0,21860.333333333332,4317.673342813013,466.3333333333333,29.637492342992726,0.10930166666666664,0.021588366714065065,,,200000.0,0.0,292.3333333333333,73.79572835747015,336.8666666666667,65.73416883463997,372.4,61.217177794658724,415.3333333333333,43.022696114404326,4.933333333333334,2.1865389045137937,17.2,13.639229136156173,75.8,63.944395487686904,181341.73333333334,15011.800070357353,11447.533333333333,13480.56235509201,2969.866666666667,958.558207984908,4240.866666666667,1537.7459323246323
RQ4,credibility_c10_half0_33,CREDIBILITY_CAMOUFLAGE,1.0,-1.0,,1.0,10.0,-1.0,0.33,15,0.10949966666666668,0.022441416308967243,0.11211066666666664,0.049451435840293524,0.015881666666666662,0.005832264527935061,0.01389066666666665,0.014011478695630079,0.10949966666666668,0.022441416308967243,0.01588166666666667,0.005832264527935056,1.0,0.0,21899.933333333334,4488.283261793448,471.26666666666665,26.25552096135936,0.10949966666666668,0.022441416308967243,,,200000.0,0.0,299.46666666666664,81.49572001616023,347.8666666666667,72.43210285370378,384.1333333333333,60.19357662298085,424.6666666666667,40.52629951501805,4.933333333333334,2.1865389045137937,17.533333333333335,14.09086161142678,71.46666666666667,59.35590795804415,182500.6,12218.683760068898,10153.333333333334,10524.657270746,3176.3333333333335,1166.4529055870112,4169.733333333334,1500.4731380785322
RQ4,control_c10_half1,NONE,,,,1.0,10.0,-1.0,1.0,15,0.09684833333333334,0.018059966348911344,0.09666666666666669,0.037352886036263584,0.00376466666666666,0.0005547343851747654,0.0,0.0,0.09684833333333334,0.018059966348911327,0.0037646666666666666,0.0005547343851747774,1.0,0.0,19369.666666666668,3611.9932697822646,217.73333333333332,19.876284025608676,0.09684833333333334,0.018059966348911344,,,200000.0,0.0,190.66666666666666,14.440353511040149,210.73333333333332,18.06917923136627,216.6,19.67158937583409,217.73333333333332,19.876284025608676,1.9333333333333333,0.25819888974716115,4.733333333333333,1.533747356112131,13.733333333333333,4.574255078568479,190904.4,2067.649417644518,5670.933333333333,1870.1930941814028,752.9333333333333,110.94687703495543,2671.733333333333,356.66820649422834
RQ4,credibility_c10_half1,CREDIBILITY_CAMOUFLAGE,1.0,-1.0,,1.0,10.0,-1.0,1.0,15,0.09718733333333332,0.018063791018287964,0.09666666666666669,0.037352886036263584,0.004726999999999993,0.0007524526563179987,0.0,0.0,0.09718733333333332,0.018063791018287964,0.004726999999999999,0.0007524526563179904,1.0,0.0,19437.466666666667,3612.7582036575927,223.0,24.29579622662559,0.09718733333333332,0.018063791018287964,,,200000.0,0.0,193.2,17.337819932159867,215.26666666666668,21.09321714494519,222.13333333333333,23.555001490938082,223.0,24.29579622662559,2.066666666666667,0.2581988897471611,4.866666666666666,1.5976172734359606,14.666666666666666,5.313952882562588,191026.53333333333,2141.1472180874925,5477.533333333334,1920.4582364881664,945.4,150.49053126359811,2550.5333333333333,357.60769939511465
RQ4,control_c10_half5,NONE,,,,1.0,10.0,-1.0,5.0,15,0.11074199999999997,0.017056396140032452,0.09765466666666665,0.03711946541076464,0.00326966666666666,0.0002956256480915163,0.00013999999999999332,0.00013543580450847342,0.110742,0.017056396140032463,0.0032696666666666664,0.0002956256480915075,1.0,0.0,22148.4,3411.2792280064923,219.53333333333333,9.440540743188894,0.11074199999999997,0.017056396140032452,,,200000.0,0.0,209.13333333333333,9.187465581406215,213.86666666666667,10.27386884052843,216.86666666666667,9.334013580652726,219.13333333333333,9.493356072738953,2.0,0.0,3.933333333333333,0.5936168397046636,8.133333333333333,0.9154754164341269,174139.8,3173.918222909072,18721.4,3025.277597652345,653.9333333333333,59.12512961830149,6484.866666666667,628.5955850336603
RQ4,credibility_c10_half5,CREDIBILITY_CAMOUFLAGE,1.0,-1.0,,1.0,10.0,-1.0,5.0,15,0.11146766666666665,0.01694266885987088,0.09760266666666664,0.03715459430669697,0.005082999999999981,0.000442294342846819,0.00017199999999997998,0.00015996428172743063,0.11146766666666667,0.01694266885987087,0.005083000000000001,0.0004422943428468032,1.0,0.0,22293.533333333333,3388.5337719741738,219.33333333333334,9.476788686550092,0.11146766666666665,0.01694266885987088,,,200000.0,0.0,208.86666666666667,9.731147830304405,213.66666666666666,9.70763077367981,216.66666666666666,9.33248295445741,218.86666666666667,9.508392283110949,2.0,0.0,3.933333333333333,0.5936168397046636,8.133333333333333,0.833809387832792,174251.73333333334,3063.88186238743,18335.933333333334,2932.680842473235,1016.6,88.45886856936069,6395.733333333334,644.6210921005861
