condition,strategy,start_period,end_period,window,window_start,window_end,metric,n_pairs,effect,se,ci95_low,ci95_high,cohens_dz,p_value
credibility_p1_d25,CREDIBILITY_CAMOUFLAGE,1,25,during,1,25,false_rate_agent_period,30,0.0012133333333333343,0.0005569451433671957,7.425261707689774e-05,0.002352414049589771,0.39774715358962437,0.037637622405451626
credibility_p1_d25,CREDIBILITY_CAMOUFLAGE,1,25,during,1,25,false_share_decisions,30,0.0012133333333333343,0.0005569451433671957,7.425261707689774e-05,0.002352414049589771,0.39774715358962437,0.037637622405451626
credibility_p1_d25,CREDIBILITY_CAMOUFLAGE,1,25,during,1,25,target_share_decisions,30,0.002709333333333333,0.0005094380346137409,0.0016674155641114843,0.003751251102555182,0.9709803624383091,1.0474350570894868e-05
credibility_p1_d25,CREDIBILITY_CAMOUFLAGE,1,25,during,1,25,participation_rate,30,0.0,0.0,0.0,0.0,,
credibility_p1_d25,CREDIBILITY_CAMOUFLAGE,1,25,post_1_25,26,50,false_rate_agent_period,30,-0.0014,0.0004348370020948138,-0.0022893415261804333,-0.0005106584738195666,-0.5878153398577256,0.0031562439726372355
credibility_p1_d25,CREDIBILITY_CAMOUFLAGE,1,25,post_1_25,26,50,false_share_decisions,30,-0.0014,0.0004348370020948138,-0.0022893415261804333,-0.0005106584738195666,-0.5878153398577256,0.0031562439726372355
credibility_p1_d25,CREDIBILITY_CAMOUFLAGE,1,25,post_1_25,26,50,target_share_decisions,30,-0.0011173333333333335,0.0003667962989238231,-0.001867515996516904,-0.00036715067014976284,-0.5561567121539255,0.0048988326234565205
credibility_p1_d25,CREDIBILITY_CAMOUFLAGE,1,25,post_1_25,26,50,participation_rate,30,0.0,0.0,0.0,0.0,,
credibility_p1_d25,CREDIBILITY_CAMOUFLAGE,1,25,post_26_50,51,75,false_rate_agent_period,30,-0.000989333333333335,0.0007540113315611414,-0.0025314596591461307,0.0005527929924794611,-0.23955439433361936,0.19978015692400292
credibility_p1_d25,CREDIBILITY_CAMOUFLAGE,1,25,post_26_50,51,75,false_share_decisions,30,-0.000989333333333335,0.0007540113315611414,-0.0025314596591461307,0.0005527929924794611,-0.23955439433361936,0.19978015692400292
credibility_p1_d25,CREDIBILITY_CAMOUFLAGE,1,25,post_26_50,51,75,target_share_decisions,30,-0.0005973333333333331,0.00032501208937137685,-0.0012620576925671562,6.739102590049006e-05,-0.3355495089933646,0.07634504838792273
credibility_p1_d25,CREDIBILITY_CAMOUFLAGE,1,25,post_26_50,51,75,participation_rate,30,0.0,0.0,0.0,0.0,,
credibility_p1_d25,CREDIBILITY_CAMOUFLAGE,1,25,post_51_100,76,125,false_rate_agent_period,30,-9.066666666666667e-05,8.817815473902871e-05,-0.0002710112425274925,8.967790919415913e-05,-0.18772668693324662,0.31234590090107256
credibility_p1_d25,CREDIBILITY_CAMOUFLAGE,1,25,post_51_100,76,125,false_share_decisions,30,-9.066666666666667e-05,8.817815473902871e-05,-0.0002710112425274925,8.967790919415913e-05,-0.18772668693324662,0.31234590090107256
credibility_p1_d25,CREDIBILITY_CAMOUFLAGE,1,25,post_51_100,76,125,target_share_decisions,30,-0.00012933333333333324,9.163010765219307e-05,-0.0003167379456154091,5.807127894874264e-05,-0.25769835526436813,0.1687451194725418
credibility_p1_d25,CREDIBILITY_CAMOUFLAGE,1,25,post_51_100,76,125,participation_rate,30,0.0,0.0,0.0,0.0,,
credibility_p1_d100,CREDIBILITY_CAMOUFLAGE,1,100,during,1,100,false_rate_agent_period,30,-0.0002766666666666686,0.00039372676602375566,-0.001081928319439501,0.0005285949861061636,-0.12829250072198037,0.4878535994575786
credibility_p1_d100,CREDIBILITY_CAMOUFLAGE,1,100,during,1,100,false_share_decisions,30,-0.0002766666666666686,0.00039372676602375566,-0.001081928319439501,0.0005285949861061636,-0.12829250072198037,0.4878535994575786
credibility_p1_d100,CREDIBILITY_CAMOUFLAGE,1,100,during,1,100,target_share_decisions,30,0.0008340000000000008,0.0002907811911892262,0.00023928568840513866,0.001428714311594863,0.5236475934488778,0.00762020995158622
credibility_p1_d100,CREDIBILITY_CAMOUFLAGE,1,100,during,1,100,participation_rate,30,0.0,0.0,0.0,0.0,,
credibility_p1_d100,CREDIBILITY_CAMOUFLAGE,1,100,post_1_25,101,125,false_rate_agent_period,30,-0.00010400000000000184,0.0002941301611942194,-0.0007055637243196895,0.0004975637243196857,-0.06455548540058824,0.7262076131931402
credibility_p1_d100,CREDIBILITY_CAMOUFLAGE,1,100,post_1_25,101,125,false_share_decisions,30,-0.00010400000000000184,0.0002941301611942194,-0.0007055637243196895,0.0004975637243196857,-0.06455548540058824,0.7262076131931402
credibility_p1_d100,CREDIBILITY_CAMOUFLAGE,1,100,post_1_25,101,125,target_share_decisions,30,-0.0001573333333333332,0.00022288336898158726,-0.0006131810063128761,0.00029851433964620975,-0.1288790876111609,0.48588296338769466
credibility_p1_d100,CREDIBILITY_CAMOUFLAGE,1,100,post_1_25,101,125,participation_rate,30,0.0,0.0,0.0,0.0,,
credibility_p1_d100,CREDIBILITY_CAMOUFLAGE,1,100,post_26_50,126,150,false_rate_agent_period,30,0.00020266666666666558,0.0002926403517612139,-0.00039585005523951023,0.0008011833885728413,0.1264408733788133,0.4941038097705572
credibility_p1_d100,CREDIBILITY_CAMOUFLAGE,1,100,post_26_50,126,150,false_share_decisions,30,0.00020266666666666558,0.0002926403517612139,-0.00039585005523951023,0.0008011833885728413,0.1264408733788133,0.4941038097705572
credibility_p1_d100,CREDIBILITY_CAMOUFLAGE,1,100,post_26_50,126,150,target_share_decisions,30,6.133333333333343e-05,0.00018922451138478946,-0.0003256742463689151,0.00044834091303558196,0.05917776357795653,0.7481659305356878
credibility_p1_d100,CREDIBILITY_CAMOUFLAGE,1,100,post_26_50,126,150,participation_rate,30,0.0,0.0,0.0,0.0,,
credibility_p1_d100,CREDIBILITY_CAMOUFLAGE,1,100,post_51_100,151,200,false_rate_agent_period,30,6.133333333333292e-05,5.9968829706760835e-05,-6.131669478694256e-05,0.0001839833614536084,0.18672839627919036,0.3148808265796147
credibility_p1_d100,CREDIBILITY_CAMOUFLAGE,1,100,post_51_100,151,200,false_share_decisions,30,6.133333333333292e-05,5.9968829706760835e-05,-6.131669478694256e-05,0.0001839833614536084,0.18672839627919036,0.3148808265796147
credibility_p1_d100,CREDIBILITY_CAMOUFLAGE,1,100,post_51_100,151,200,target_share_decisions,30,5.333333333333521e-06,2.0721099987074152e-05,-3.70460745778261e-05,4.771274124449315e-05,0.04699214770102663,0.7986979298278083
credibility_p1_d100,CREDIBILITY_CAMOUFLAGE,1,100,post_51_100,151,200,participation_rate,30,0.0,0.0,0.0,0.0,,
credibility_p1_permanent,CREDIBILITY_CAMOUFLAGE,1,-1,during,1,400,false_rate_agent_period,30,-8.349999999999932e-05,0.00016925464560085612,-0.00042966461825153575,0.0002626646182515371,-0.09007105514361072,0.6254881608877856
credibility_p1_permanent,CREDIBILITY_CAMOUFLAGE,1,-1,during,1,400,false_share_decisions,30,-8.349999999999932e-05,0.00016925464560085612,-0.00042966461825153575,0.0002626646182515371,-0.09007105514361072,0.6254881608877856
credibility_p1_permanent,CREDIBILITY_CAMOUFLAGE,1,-1,during,1,400,target_share_decisions,30,0.0004793333333333331,0.00013751211719509996,0.00019808947509348846,0.0007605771915731777,0.636408593380707,0.0015825778911338659
credibility_p1_permanent,CREDIBILITY_CAMOUFLAGE,1,-1,during,1,400,participation_rate,30,0.0,0.0,0.0,0.0,,
credibility_p101_d25,CREDIBILITY_CAMOUFLAGE,101,125,during,101,125,false_rate_agent_period,30,0.00026399999999999883,0.00013862510429294634,-1.9520172443672436e-05,0.0005475201724436701,0.3476973763611945,0.06681888500538435
credibility_p101_d25,CREDIBILITY_CAMOUFLAGE,101,125,during,101,125,false_share_decisions,30,0.00026399999999999883,0.00013862510429294634,-1.9520172443672436e-05,0.0005475201724436701,0.3476973763611945,0.06681888500538435
credibility_p101_d25,CREDIBILITY_CAMOUFLAGE,101,125,during,101,125,target_share_decisions,30,0.0005013333333333332,0.0001524630977272283,0.00018951128653023076,0.0008131553801364357,0.6003454378781217,0.0026460614572771613
credibility_p101_d25,CREDIBILITY_CAMOUFLAGE,101,125,during,101,125,participation_rate,30,0.0,0.0,0.0,0.0,,
credibility_p101_d25,CREDIBILITY_CAMOUFLAGE,101,125,post_1_25,126,150,false_rate_agent_period,30,-0.00013600000000000168,0.00013610813821133752,-0.000414372398805324,0.00014237239880532062,-0.18242913024799234,0.32596009579593616
credibility_p101_d25,CREDIBILITY_CAMOUFLAGE,101,125,post_1_25,126,150,false_share_decisions,30,-0.00013600000000000168,0.00013610813821133752,-0.000414372398805324,0.00014237239880532062,-0.18242913024799234,0.32596009579593616
credibility_p101_d25,CREDIBILITY_CAMOUFLAGE,101,125,post_1_25,126,150,target_share_decisions,30,-0.00011733333333333337,0.00016172556102274802,-0.0004480992446275989,0.00021343257796093215,-0.1324591961170153,0.47395436223401766
credibility_p101_d25,CREDIBILITY_CAMOUFLAGE,101,125,post_1_25,126,150,participation_rate,30,0.0,0.0,0.0,0.0,,
credibility_p101_d25,CREDIBILITY_CAMOUFLAGE,101,125,post_26_50,151,175,false_rate_agent_period,30,-5.333333333334272e-06,3.637522629651385e-05,-7.972902439424938e-05,6.906235772758084e-05,-0.026769015350807248,0.8844465386092469
credibility_p101_d25,CREDIBILITY_CAMOUFLAGE,101,125,post_26_50,151,175,false_share_decisions,30,-5.333333333334272e-06,3.637522629651385e-05,-7.972902439424938e-05,6.906235772758084e-05,-0.026769015350807248,0.8844465386092469
credibility_p101_d25,CREDIBILITY_CAMOUFLAGE,101,125,post_26_50,151,175,target_share_decisions,30,2.666666666666681e-05,6.236218522144549e-05,-0.00010087832309640349,0.0001542116564297371,0.07807046751670343,0.6720940472822172
credibility_p101_d25,CREDIBILITY_CAMOUFLAGE,101,125,post_26_50,151,175,participation_rate,30,0.0,0.0,0.0,0.0,,
credibility_p101_d25,CREDIBILITY_CAMOUFLAGE,101,125,post_51_100,176,225,false_rate_agent_period,30,0.00016400000000000025,0.0001723759590672893,-0.0001885484210754733,0.0005165484210754738,0.1737026824329998,0.34925961817120527
credibility_p101_d25,CREDIBILITY_CAMOUFLAGE,101,125,post_51_100,176,225,false_share_decisions,30,0.00016400000000000025,0.0001723759590672893,-0.0001885484210754733,0.0005165484210754738,0.1737026824329998,0.34925961817120527
credibility_p101_d25,CREDIBILITY_CAMOUFLAGE,101,125,post_51_100,176,225,target_share_decisions,30,6.266666666666667e-05,7.417118028368116e-05,-8.903042984148675e-05,0.00021436376317482007,0.15425554240749678,0.4050876885304815
credibility_p101_d25,CREDIBILITY_CAMOUFLAGE,101,125,post_51_100,176,225,participation_rate,30,0.0,0.0,0.0,0.0,,
credibility_p101_d100,CREDIBILITY_CAMOUFLAGE,101,200,during,101,200,false_rate_agent_period,30,-7.000000000000039e-05,0.0001516825178024699,-0.0003802255816029332,0.00024022558160293243,-0.08425620297981264,0.6478899274351341
credibility_p101_d100,CREDIBILITY_CAMOUFLAGE,101,200,during,101,200,false_share_decisions,30,-7.000000000000039e-05,0.0001516825178024699,-0.0003802255816029332,0.00024022558160293243,-0.08425620297981264,0.6478899274351341
credibility_p101_d100,CREDIBILITY_CAMOUFLAGE,101,200,during,101,200,target_share_decisions,30,0.0004160000000000003,0.00015757180446773593,9.372947473824852e-05,0.0007382705252617521,0.48200794275307435,0.013205024028867182
credibility_p101_d100,CREDIBILITY_CAMOUFLAGE,101,200,during,101,200,participation_rate,30,0.0,0.0,0.0,0.0,,
credibility_p101_d100,CREDIBILITY_CAMOUFLAGE,101,200,post_1_25,201,225,false_rate_agent_period,30,-0.00026133333333333455,0.00017953947046802458,-0.0006285327802673475,0.00010586611360067838,-0.265750592003624,0.1562508493257718
credibility_p101_d100,CREDIBILITY_CAMOUFLAGE,101,200,post_1_25,201,225,false_share_decisions,30,-0.00026133333333333455,0.00017953947046802458,-0.0006285327802673475,0.00010586611360067838,-0.265750592003624,0.1562508493257718
credibility_p101_d100,CREDIBILITY_CAMOUFLAGE,101,200,post_1_25,201,225,target_share_decisions,30,-0.00021066666666666678,8.520824164624246e-05,-0.0003849370882355681,-3.639624509776544e-05,-0.4513917246284099,0.019530070851923653
credibility_p101_d100,CREDIBILITY_CAMOUFLAGE,101,200,post_1_25,201,225,participation_rate,30,0.0,0.0,0.0,0.0,,
credibility_p101_d100,CREDIBILITY_CAMOUFLAGE,101,200,post_26_50,226,250,false_rate_agent_period,30,-5.866666666666659e-05,6.243292185858928e-05,-0.00018635632909680814,6.902299576347498e-05,-0.17156042971340857,0.35514570695924336
credibility_p101_d100,CREDIBILITY_CAMOUFLAGE,101,200,post_26_50,226,250,false_share_decisions,30,-5.866666666666659e-05,6.243292185858928e-05,-0.00018635632909680814,6.902299576347498e-05,-0.17156042971340857,0.35514570695924336
credibility_p101_d100,CREDIBILITY_CAMOUFLAGE,101,200,post_26_50,226,250,target_share_decisions,30,-4.799999999999994e-05,5.773980479245898e-05,-0.00016609116029249295,7.009116029249305e-05,-0.1517767673718772,0.41258812648136395
credibility_p101_d100,CREDIBILITY_CAMOUFLAGE,101,200,post_26_50,226,250,participation_rate,30,0.0,0.0,0.0,0.0,,
credibility_p101_d100,CREDIBILITY_CAMOUFLAGE,101,200,post_51_100,251,300,false_rate_agent_period,30,-1.1999999999999973e-05,9.617990805071392e-06,-3.167099989229177e-05,7.670999892291817e-06,-0.22779084264308538,0.22213613054809425
credibility_p101_d100,CREDIBILITY_CAMOUFLAGE,101,200,post_51_100,251,300,false_share_decisions,30,-1.1999999999999973e-05,9.617990805071392e-06,-3.167099989229177e-05,7.670999892291817e-06,-0.22779084264308538,0.22213613054809425
credibility_p101_d100,CREDIBILITY_CAMOUFLAGE,101,200,post_51_100,251,300,target_share_decisions,30,-8.000000000000022e-06,5.880026585286697e-06,-2.0026004668756712e-05,4.026004668756669e-06,-0.24839912974802164,0.18414134229197163
credibility_p101_d100,CREDIBILITY_CAMOUFLAGE,101,200,post_51_100,251,300,participation_rate,30,0.0,0.0,0.0,0.0,,
credibility_p101_permanent,CREDIBILITY_CAMOUFLAGE,101,-1,during,101,400,false_rate_agent_period,30,-0.0001308888888888878,7.874850171224984e-05,-0.0002919476588643191,3.016988108654349e-05,-0.303458882444063,0.10726371331234442
credibility_p101_permanent,CREDIBILITY_CAMOUFLAGE,101,-1,during,101,400,false_share_decisions,30,-0.0001308888888888878,7.874850171224984e-05,-0.0002919476588643191,3.016988108654349e-05,-0.303458882444063,0.10726371331234442
credibility_p101_permanent,CREDIBILITY_CAMOUFLAGE,101,-1,during,101,400,target_share_decisions,30,0.00029,8.492788616995932e-05,0.00011630296976152717,0.00046369703023847286,0.6234290794216693,0.0019062217656147112
credibility_p101_permanent,CREDIBILITY_CAMOUFLAGE,101,-1,during,101,400,participation_rate,30,0.0,0.0,0.0,0.0,,
credibility_p201_d25,CREDIBILITY_CAMOUFLAGE,201,225,during,201,225,false_rate_agent_period,30,0.00022933333333333323,0.00011292448227606726,-1.6231651401685699e-06,0.000460289831806835,0.37078183379058544,0.0515268194750479
credibility_p201_d25,CREDIBILITY_CAMOUFLAGE,201,225,during,201,225,false_share_decisions,30,0.00022933333333333323,0.00011292448227606726,-1.6231651401685699e-06,0.000460289831806835,0.37078183379058544,0.0515268194750479
credibility_p201_d25,CREDIBILITY_CAMOUFLAGE,201,225,during,201,225,target_share_decisions,30,0.0005386666666666665,0.00016114228262328336,0.00020909369364460176,0.0008682396396887312,0.6103092652166499,0.0022979099268133486
credibility_p201_d25,CREDIBILITY_CAMOUFLAGE,201,225,during,201,225,participation_rate,30,0.0,0.0,0.0,0.0,,
credibility_p201_d25,CREDIBILITY_CAMOUFLAGE,201,225,post_1_25,226,250,false_rate_agent_period,30,-5.599999999999965e-05,9.206893968745646e-05,-0.0002443021245685136,0.00013230212456851433,-0.11104889924300913,0.5477630365695144
credibility_p201_d25,CREDIBILITY_CAMOUFLAGE,201,225,post_1_25,226,250,false_share_decisions,30,-5.599999999999965e-05,9.206893968745646e-05,-0.0002443021245685136,0.00013230212456851433,-0.11104889924300913,0.5477630365695144
credibility_p201_d25,CREDIBILITY_CAMOUFLAGE,201,225,post_1_25,226,250,target_share_decisions,30,-0.0001039999999999999,9.996045194987352e-05,-0.00030844207936886296,0.00010044207936886316,-0.18995227568966355,0.30674558655642864
credibility_p201_d25,CREDIBILITY_CAMOUFLAGE,201,225,post_1_25,226,250,participation_rate,30,0.0,0.0,0.0,0.0,,
credibility_p201_d25,CREDIBILITY_CAMOUFLAGE,201,225,post_26_50,251,275,false_rate_agent_period,30,-8.000000000000044e-05,7.030965990432665e-05,-0.00022379940056459848,6.379940056459761e-05,-0.20773724245970507,0.26450765339011445
credibility_p201_d25,CREDIBILITY_CAMOUFLAGE,201,225,post_26_50,251,275,false_share_decisions,30,-8.000000000000044e-05,7.030965990432665e-05,-0.00022379940056459848,6.379940056459761e-05,-0.20773724245970507,0.26450765339011445
credibility_p201_d25,CREDIBILITY_CAMOUFLAGE,201,225,post_26_50,251,275,target_share_decisions,30,-7.733333333333346e-05,4.192750539696181e-05,-0.00016308471019187864,8.418043525211714e-06,-0.3367495928404892,0.0753546782304652
credibility_p201_d25,CREDIBILITY_CAMOUFLAGE,201,225,post_26_50,251,275,participation_rate,30,0.0,0.0,0.0,0.0,,
credibility_p201_d25,CREDIBILITY_CAMOUFLAGE,201,225,post_51_100,276,325,false_rate_agent_period,30,-1.866666666666683e-05,2.4764329804202976e-05,-6.931540804977311e-05,3.198207471643945e-05,-0.1376193701128408,0.4570627961224422
credibility_p201_d25,CREDIBILITY_CAMOUFLAGE,201,225,post_51_100,276,325,false_share_decisions,30,-1.866666666666683e-05,2.4764329804202976e-05,-6.931540804977311e-05,3.198207471643945e-05,-0.1376193701128408,0.4570627961224422
credibility_p201_d25,CREDIBILITY_CAMOUFLAGE,201,225,post_51_100,276,325,target_share_decisions,30,-1.3333333333333382e-05,1.8328630535804116e-05,-5.0819591804858566e-05,2.4152925138191798e-05,-0.13281529534055547,0.4727771989338119
credibility_p201_d25,CREDIBILITY_CAMOUFLAGE,201,225,post_51_100,276,325,participation_rate,30,0.0,0.0,0.0,0.0,,
credibility_p201_d100,CREDIBILITY_CAMOUFLAGE,201,300,during,201,300,false_rate_agent_period,30,-5.200000000000204e-05,0.00010558909731247993,-0.0002679539517095205,0.00016395395170951642,-0.08991323825155138,0.6260915000826184
credibility_p201_d100,CREDIBILITY_CAMOUFLAGE,201,300,during,201,300,false_share_decisions,30,-5.200000000000204e-05,0.00010558909731247993,-0.0002679539517095205,0.00016395395170951642,-0.08991323825155138,0.6260915000826184
credibility_p201_d100,CREDIBILITY_CAMOUFLAGE,201,300,during,201,300,target_share_decisions,30,0.00035266666666666666,0.00010613581987499038,0.00013559454176627906,0.0005697387915670543,0.6066550351584153,0.002420140414534971
credibility_p201_d100,CREDIBILITY_CAMOUFLAGE,201,300,during,201,300,participation_rate,30,0.0,0.0,0.0,0.0,,
credibility_p201_d100,CREDIBILITY_CAMOUFLAGE,201,300,post_1_25,301,325,false_rate_agent_period,30,-0.0002453333333333372,0.000185306042810038,-0.0006243267449547385,0.00013366007828806415,-0.24171652965171375,0.19586584257103656
credibility_p201_d100,CREDIBILITY_CAMOUFLAGE,201,300,post_1_25,301,325,false_share_decisions,30,-0.0002453333333333372,0.000185306042810038,-0.0006243267449547385,0.00013366007828806415,-0.24171652965171375,0.19586584257103656
credibility_p201_d100,CREDIBILITY_CAMOUFLAGE,201,300,post_1_25,301,325,target_share_decisions,30,-0.000216,0.00012524330344362231,-0.0004721513166815172,4.015131668151721e-05,-0.314875311142874,0.09523671935608573
credibility_p201_d100,CREDIBILITY_CAMOUFLAGE,201,300,post_1_25,301,325,participation_rate,30,0.0,0.0,0.0,0.0,,
credibility_p201_d100,CREDIBILITY_CAMOUFLAGE,201,300,post_26_50,326,350,false_rate_agent_period,30,-0.00020000000000000042,0.0001105555459288778,-0.00042611147963590474,2.6111479635903932e-05,-0.33028498805932127,0.08082256224623159
credibility_p201_d100,CREDIBILITY_CAMOUFLAGE,201,300,post_26_50,326,350,false_share_decisions,30,-0.00020000000000000042,0.0001105555459288778,-0.00042611147963590474,2.6111479635903932e-05,-0.33028498805932127,0.08082256224623159
credibility_p201_d100,CREDIBILITY_CAMOUFLAGE,201,300,post_26_50,326,350,target_share_decisions,30,-0.000224,0.00017112581914197368,-0.0005739915978434045,0.00012599159784340447,-0.23898566465369392,0.20081970497661478
credibility_p201_d100,CREDIBILITY_CAMOUFLAGE,201,300,post_26_50,326,350,participation_rate,30,0.0,0.0,0.0,0.0,,
credibility_p201_d100,CREDIBILITY_CAMOUFLAGE,201,300,post_51_100,351,400,false_rate_agent_period,30,-2.933333333333364e-05,2.7387946561549242e-05,-8.534797347816058e-05,2.6681306811493306e-05,-0.1955425697624385,0.29298869814811546
credibility_p201_d100,CREDIBILITY_CAMOUFLAGE,201,300,post_51_100,351,400,false_share_decisions,30,-2.933333333333364e-05,2.7387946561549242e-05,-8.534797347816058e-05,2.6681306811493306e-05,-0.1955425697624385,0.29298869814811546
credibility_p201_d100,CREDIBILITY_CAMOUFLAGE,201,300,post_51_100,351,400,target_share_decisions,30,-1.8666666666666716e-05,1.6799927020458145e-05,-5.3026375394573855e-05,1.5693042061240423e-05,-0.20286108771608838,0.27564601384054654
credibility_p201_d100,CREDIBILITY_CAMOUFLAGE,201,300,post_51_100,351,400,participation_rate,30,0.0,0.0,0.0,0.0,,
credibility_p201_permanent,CREDIBILITY_CAMOUFLAGE,201,-1,during,201,400,false_rate_agent_period,30,-0.00013533333333333314,9.772555205730074e-05,-0.0003352045291947072,6.453786252804089e-05,-0.2528343164046785,0.17666669360174123
credibility_p201_permanent,CREDIBILITY_CAMOUFLAGE,201,-1,during,201,400,false_share_decisions,30,-0.00013533333333333314,9.772555205730074e-05,-0.0003352045291947072,6.453786252804089e-05,-0.2528343164046785,0.17666669360174123
credibility_p201_permanent,CREDIBILITY_CAMOUFLAGE,201,-1,during,201,400,target_share_decisions,30,0.0002600000000000002,0.00010021929976794393,5.502851740081814e-05,0.00046497148259918225,0.4736541606958815,0.014709877830719434
credibility_p201_permanent,CREDIBILITY_CAMOUFLAGE,201,-1,during,201,400,participation_rate,30,0.0,0.0,0.0,0.0,,
informational_p1_d25,INFORMATIONAL_CAMOUFLAGE,1,25,during,1,25,false_rate_agent_period,30,0.0021279999999999997,0.0007536904453131418,0.000586529960253365,0.003669470039746634,0.5154873195925644,0.008499759091770746
informational_p1_d25,INFORMATIONAL_CAMOUFLAGE,1,25,during,1,25,false_share_decisions,30,0.0021279999999999997,0.0007536904453131418,0.000586529960253365,0.003669470039746634,0.5154873195925644,0.008499759091770746
informational_p1_d25,INFORMATIONAL_CAMOUFLAGE,1,25,during,1,25,target_share_decisions,30,0.0049759999999999995,0.0005716412346475936,0.0038068624022334053,0.006145137597766593,1.58926454855081,1.390955586510674e-09
informational_p1_d25,INFORMATIONAL_CAMOUFLAGE,1,25,during,1,25,participation_rate,30,0.0,0.0,0.0,0.0,,
informational_p1_d25,INFORMATIONAL_CAMOUFLAGE,1,25,post_1_25,26,50,false_rate_agent_period,30,-0.0021200000000000017,0.0004894510178256609,-0.0031210397300290653,-0.001118960269970938,-0.7907987926754805,0.00016164308377141406
informational_p1_d25,INFORMATIONAL_CAMOUFLAGE,1,25,post_1_25,26,50,false_share_decisions,30,-0.0021200000000000017,0.0004894510178256609,-0.0031210397300290653,-0.001118960269970938,-0.7907987926754805,0.00016164308377141406
informational_p1_d25,INFORMATIONAL_CAMOUFLAGE,1,25,post_1_25,26,50,target_share_decisions,30,-0.001802666666666667,0.0003504109027503048,-0.0025193374318980702,-0.0010859959014352639,-0.9392413204482508,1.6978014892840388e-05
informational_p1_d25,INFORMATIONAL_CAMOUFLAGE,1,25,post_1_25,26,50,participation_rate,30,0.0,0.0,0.0,0.0,,
informational_p1_d25,INFORMATIONAL_CAMOUFLAGE,1,25,post_26_50,51,75,false_rate_agent_period,30,-0.0010160000000000008,0.0006292213031007946,-0.0023029020605631117,0.00027090206056311025,-0.2948014822357374,0.11720644152391872
informational_p1_d25,INFORMATIONAL_CAMOUFLAGE,1,25,post_26_50,51,75,false_share_decisions,30,-0.0010160000000000008,0.0006292213031007946,-0.0023029020605631117,0.00027090206056311025,-0.2948014822357374,0.11720644152391872
informational_p1_d25,INFORMATIONAL_CAMOUFLAGE,1,25,post_26_50,51,75,target_share_decisions,30,-0.00072,0.00036226617508290133,-0.0014609175196215855,2.0917519621585414e-05,-0.3628641668550975,0.056384738383847104
informational_p1_d25,INFORMATIONAL_CAMOUFLAGE,1,25,post_26_50,51,75,participation_rate,30,0.0,0.0,0.0,0.0,,
informational_p1_d25,INFORMATIONAL_CAMOUFLAGE,1,25,post_51_100,76,125,false_rate_agent_period,30,-9.466666666666766e-05,8.711959455133718e-05,-0.00027284624385364516,8.351291052030985e-05,-0.1983903814221796,0.2861506358912868
informational_p1_d25,INFORMATIONAL_CAMOUFLAGE,1,25,post_51_100,76,125,false_share_decisions,30,-9.466666666666766e-05,8.711959455133718e-05,-0.00027284624385364516,8.351291052030985e-05,-0.1983903814221796,0.2861506358912868
informational_p1_d25,INFORMATIONAL_CAMOUFLAGE,1,25,post_51_100,76,125,target_share_decisions,30,1.7333333333333407e-05,3.375003902367552e-05,-5.1693246901023235e-05,8.635991356769005e-05,0.09376638702316774,0.6114369335606398
informational_p1_d25,INFORMATIONAL_CAMOUFLAGE,1,25,post_51_100,76,125,participation_rate,30,0.0,0.0,0.0,0.0,,
informational_p1_d100,INFORMATIONAL_CAMOUFLAGE,1,100,during,1,100,false_rate_agent_period,30,-0.00011066666666666863,0.00036640877032786766,-0.0008600567448786172,0.00063872341154528,-0.05514299384173278,0.7647842345285815
informational_p1_d100,INFORMATIONAL_CAMOUFLAGE,1,100,during,1,100,false_share_decisions,30,-0.00011066666666666863,0.00036640877032786766,-0.0008600567448786172,0.00063872341154528,-0.05514299384173278,0.7647842345285815
informational_p1_d100,INFORMATIONAL_CAMOUFLAGE,1,100,during,1,100,target_share_decisions,30,0.0015253333333333336,0.00030264418368061984,0.0009063564778506755,0.002144310188815992,0.9201779068527914,2.2695540988958724e-05
informational_p1_d100,INFORMATIONAL_CAMOUFLAGE,1,100,during,1,100,participation_rate,30,0.0,0.0,0.0,0.0,,
informational_p1_d100,INFORMATIONAL_CAMOUFLAGE,1,100,post_1_25,101,125,false_rate_agent_period,30,-0.0002560000000000009,0.0003042902425713607,-0.0008783434239186984,0.00036634342391869657,-0.15360003389794313,0.40706278238727195
informational_p1_d100,INFORMATIONAL_CAMOUFLAGE,1,100,post_1_25,101,125,false_share_decisions,30,-0.0002560000000000009,0.0003042902425713607,-0.0008783434239186984,0.00036634342391869657,-0.15360003389794313,0.40706278238727195
informational_p1_d100,INFORMATIONAL_CAMOUFLAGE,1,100,post_1_25,101,125,target_share_decisions,30,-0.00045333333333333315,0.00025783061950142847,-0.000980656158987093,7.39894923204265e-05,-0.3210129363427547,0.08925435477548621
informational_p1_d100,INFORMATIONAL_CAMOUFLAGE,1,100,post_1_25,101,125,participation_rate,30,0.0,0.0,0.0,0.0,,
informational_p1_d100,INFORMATIONAL_CAMOUFLAGE,1,100,post_26_50,126,150,false_rate_agent_period,30,-2.4000000000001105e-05,7.349657901179371e-05,-0.00017431738199026988,0.00012631738199026768,-0.05961883558333243,0.7463565340056734
informational_p1_d100,INFORMATIONAL_CAMOUFLAGE,1,100,post_26_50,126,150,false_share_decisions,30,-2.4000000000001105e-05,7.349657901179371e-05,-0.00017431738199026988,0.00012631738199026768,-0.05961883558333243,0.7463565340056734
informational_p1_d100,INFORMATIONAL_CAMOUFLAGE,1,100,post_26_50,126,150,target_share_decisions,30,-1.5999999999999986e-05,4.030230591503373e-05,-9.842747070372713e-05,6.642747070372717e-05,-0.0724818817940442,0.6942744728755393
informational_p1_d100,INFORMATIONAL_CAMOUFLAGE,1,100,post_26_50,126,150,participation_rate,30,0.0,0.0,0.0,0.0,,
informational_p1_d100,INFORMATIONAL_CAMOUFLAGE,1,100,post_51_100,151,200,false_rate_agent_period,30,2.666666666666743e-05,5.133019844137222e-05,-7.83153767221809e-05,0.00013164871005551577,0.09484952529771402,0.6073464190704776
informational_p1_d100,INFORMATIONAL_CAMOUFLAGE,1,100,post_51_100,151,200,false_share_decisions,30,2.666666666666743e-05,5.133019844137222e-05,-7.83153767221809e-05,0.00013164871005551577,0.09484952529771402,0.6073464190704776
informational_p1_d100,INFORMATIONAL_CAMOUFLAGE,1,100,post_51_100,151,200,target_share_decisions,30,5.333333333333463e-06,4.716255414425686e-05,-9.112492040118923e-05,0.00010179158706785616,0.02064623107862137,0.9107431160376416
informational_p1_d100,INFORMATIONAL_CAMOUFLAGE,1,100,post_51_100,151,200,participation_rate,30,0.0,0.0,0.0,0.0,,
informational_p1_permanent,INFORMATIONAL_CAMOUFLAGE,1,-1,during,1,400,false_rate_agent_period,30,-7.399999999999906e-05,8.665010893997975e-05,-0.00025121937129807357,0.00010321937129807544,-0.15592005500134207,0.40009954734934133
informational_p1_permanent,INFORMATIONAL_CAMOUFLAGE,1,-1,during,1,400,false_share_decisions,30,-7.399999999999906e-05,8.665010893997975e-05,-0.00025121937129807357,0.00010321937129807544,-0.15592005500134207,0.40009954734934133
informational_p1_permanent,INFORMATIONAL_CAMOUFLAGE,1,-1,during,1,400,target_share_decisions,30,0.0008689999999999999,0.00010759849804532213,0.0006489363623487493,0.0010890636376512503,1.4745277152831107,6.6079907357553666e-09
informational_p1_permanent,INFORMATIONAL_CAMOUFLAGE,1,-1,during,1,400,participation_rate,30,0.0,0.0,0.0,0.0,,
informational_p101_d25,INFORMATIONAL_CAMOUFLAGE,101,125,during,101,125,false_rate_agent_period,30,0.00027999999999999927,0.00014023953236082096,-6.8220485831802e-06,0.0005668220485831787,0.3645246898163296,0.05533387585552659
informational_p101_d25,INFORMATIONAL_CAMOUFLAGE,101,125,during,101,125,false_share_decisions,30,0.00027999999999999927,0.00014023953236082096,-6.8220485831802e-06,0.0005668220485831787,0.3645246898163296,0.05533387585552659
informational_p101_d25,INFORMATIONAL_CAMOUFLAGE,101,125,during,101,125,target_share_decisions,30,0.0008293333333333335,0.0002315916607263908,0.0003556752039449789,0.001302991462721688,0.6538009945793857,0.0012311992848429837
informational_p101_d25,INFORMATIONAL_CAMOUFLAGE,101,125,during,101,125,participation_rate,30,0.0,0.0,0.0,0.0,,
informational_p101_d25,INFORMATIONAL_CAMOUFLAGE,101,125,post_1_25,126,150,false_rate_agent_period,30,-0.00023466666666666872,0.00016745542095633365,-0.0005771514573423721,0.00010781812400903468,-0.2558536198148256,0.17171582213045666
informational_p101_d25,INFORMATIONAL_CAMOUFLAGE,101,125,post_1_25,126,150,false_share_decisions,30,-0.00023466666666666872,0.00016745542095633365,-0.0005771514573423721,0.00010781812400903468,-0.2558536198148256,0.17171582213045666
informational_p101_d25,INFORMATIONAL_CAMOUFLAGE,101,125,post_1_25,126,150,target_share_decisions,30,-0.00024000000000000006,0.0001584290696650793,-0.0005640238294545273,8.402382945452719e-05,-0.2765767967522917,0.14062902404354136
informational_p101_d25,INFORMATIONAL_CAMOUFLAGE,101,125,post_1_25,126,150,participation_rate,30,0.0,0.0,0.0,0.0,,
informational_p101_d25,INFORMATIONAL_CAMOUFLAGE,101,125,post_26_50,151,175,false_rate_agent_period,30,-6.666666666666835e-05,0.00011281694391911587,-0.0002974032245048669,0.0001640698911715302,-0.10788815904932188,0.5591467226708428
informational_p101_d25,INFORMATIONAL_CAMOUFLAGE,101,125,post_26_50,151,175,false_share_decisions,30,-6.666666666666835e-05,0.00011281694391911587,-0.0002974032245048669,0.0001640698911715302,-0.10788815904932188,0.5591467226708428
informational_p101_d25,INFORMATIONAL_CAMOUFLAGE,101,125,post_26_50,151,175,target_share_decisions,30,-1.5999999999999955e-05,0.00012276657600466035,-0.0002670858403078687,0.0002350858403078688,-0.023794644018173043,0.8972062795093171
informational_p101_d25,INFORMATIONAL_CAMOUFLAGE,101,125,post_26_50,151,175,participation_rate,30,0.0,0.0,0.0,0.0,,
informational_p101_d25,INFORMATIONAL_CAMOUFLAGE,101,125,post_51_100,176,225,false_rate_agent_period,30,-0.00036800000000000076,0.00036525110241598523,-0.0011150223814828215,0.0003790223814828199,-0.18394824804876497,0.3220151942189732
informational_p101_d25,INFORMATIONAL_CAMOUFLAGE,101,125,post_51_100,176,225,false_share_decisions,30,-0.00036800000000000076,0.00036525110241598523,-0.0011150223814828215,0.0003790223814828199,-0.18394824804876497,0.3220151942189732
informational_p101_d25,INFORMATIONAL_CAMOUFLAGE,101,125,post_51_100,176,225,target_share_decisions,30,-9.200000000000003e-05,9.123721765298123e-05,-0.00027860106200959035,9.46010620095903e-05,-0.18410058448638206,0.3216214175594935
informational_p101_d25,INFORMATIONAL_CAMOUFLAGE,101,125,post_51_100,176,225,participation_rate,30,0.0,0.0,0.0,0.0,,
informational_p101_d100,INFORMATIONAL_CAMOUFLAGE,101,200,during,101,200,false_rate_agent_period,30,-0.0003873333333333342,0.00026725592940244735,-0.0009339330821829445,0.0001592664155162761,-0.26460429947513836,0.15798310955358033
informational_p101_d100,INFORMATIONAL_CAMOUFLAGE,101,200,during,101,200,false_share_decisions,30,-0.0003873333333333342,0.00026725592940244735,-0.0009339330821829445,0.0001592664155162761,-0.26460429947513836,0.15798310955358033
informational_p101_d100,INFORMATIONAL_CAMOUFLAGE,101,200,during,101,200,target_share_decisions,30,0.0006493333333333333,0.00021847482473306986,0.00020250214572951176,0.0010961645209371547,0.5426323367634731,0.005894653354020711
informational_p101_d100,INFORMATIONAL_CAMOUFLAGE,101,200,during,101,200,participation_rate,30,0.0,0.0,0.0,0.0,,
informational_p101_d100,INFORMATIONAL_CAMOUFLAGE,101,200,post_1_25,201,225,false_rate_agent_period,30,-0.000541333333333334,0.0002303239763889484,-0.001012398757137884,-7.026790952878394e-05,-0.42910640111479254,0.025772273106877384
informational_p101_d100,INFORMATIONAL_CAMOUFLAGE,101,200,post_1_25,201,225,false_share_decisions,30,-0.000541333333333334,0.0002303239763889484,-0.001012398757137884,-7.026790952878394e-05,-0.42910640111479254,0.025772273106877384
informational_p101_d100,INFORMATIONAL_CAMOUFLAGE,101,200,post_1_25,201,225,target_share_decisions,30,-0.00044000000000000007,0.00017199839614328409,-0.0007917762181915279,-8.82237818084723e-05,-0.46705459800045396,0.016009522986000398
informational_p101_d100,INFORMATIONAL_CAMOUFLAGE,101,200,post_1_25,201,225,participation_rate,30,0.0,0.0,0.0,0.0,,
informational_p101_d100,INFORMATIONAL_CAMOUFLAGE,101,200,post_26_50,226,250,false_rate_agent_period,30,-5.866666666666613e-05,6.4404849773363e-05,-0.00019038937452025184,7.30560411869196e-05,-0.16630764515427976,0.36985549144709007
informational_p101_d100,INFORMATIONAL_CAMOUFLAGE,101,200,post_26_50,226,250,false_share_decisions,30,-5.866666666666613e-05,6.4404849773363e-05,-0.00019038937452025184,7.30560411869196e-05,-0.16630764515427976,0.36985549144709007
informational_p101_d100,INFORMATIONAL_CAMOUFLAGE,101,200,post_26_50,226,250,target_share_decisions,30,-2.9333333333333265e-05,6.72598893866658e-05,-0.00016689525283350892,0.00010822858616684241,-0.07962411921871723,0.6659797258260545
informational_p101_d100,INFORMATIONAL_CAMOUFLAGE,101,200,post_26_50,226,250,participation_rate,30,0.0,0.0,0.0,0.0,,
informational_p101_d100,INFORMATIONAL_CAMOUFLAGE,101,200,post_51_100,251,300,false_rate_agent_period,30,-1.7333333333333552e-05,1.0795202567225701e-05,-3.9412001616650615e-05,4.745334949983507e-06,-0.29315051768910777,0.1191864876026414
informational_p101_d100,INFORMATIONAL_CAMOUFLAGE,101,200,post_51_100,251,300,false_share_decisions,30,-1.7333333333333552e-05,1.0795202567225701e-05,-3.9412001616650615e-05,4.745334949983507e-06,-0.29315051768910777,0.1191864876026414
informational_p101_d100,INFORMATIONAL_CAMOUFLAGE,101,200,post_51_100,251,300,target_share_decisions,30,-9.333333333333358e-06,5.967986112378956e-06,-2.153923543420711e-05,2.8725687675403953e-06,-0.28552776470541474,0.12868918288195466
informational_p101_d100,INFORMATIONAL_CAMOUFLAGE,101,200,post_51_100,251,300,participation_rate,30,0.0,0.0,0.0,0.0,,
informational_p101_permanent,INFORMATIONAL_CAMOUFLAGE,101,-1,during,101,400,false_rate_agent_period,30,-9.488888888888787e-05,0.00011787244803583201,-0.0003359651136025182,0.00014618733582474246,-0.1469746486338804,0.4273631071745667
informational_p101_permanent,INFORMATIONAL_CAMOUFLAGE,101,-1,during,101,400,false_share_decisions,30,-9.488888888888787e-05,0.00011787244803583201,-0.0003359651136025182,0.00014618733582474246,-0.1469746486338804,0.4273631071745667
informational_p101_permanent,INFORMATIONAL_CAMOUFLAGE,101,-1,during,101,400,target_share_decisions,30,0.0006842222222222221,8.798030856740133e-05,0.0005042822872161911,0.0008641621572282531,1.4198781203043047,1.413163658918921e-08
informational_p101_permanent,INFORMATIONAL_CAMOUFLAGE,101,-1,during,101,400,participation_rate,30,0.0,0.0,0.0,0.0,,
informational_p201_d25,INFORMATIONAL_CAMOUFLAGE,201,225,during,201,225,false_rate_agent_period,30,0.0004399999999999994,0.00018006384563744866,7.172808542588204e-05,0.0008082719145741168,0.44613421135729164,0.02086297343229172
informational_p201_d25,INFORMATIONAL_CAMOUFLAGE,201,225,during,201,225,false_share_decisions,30,0.0004399999999999994,0.00018006384563744866,7.172808542588204e-05,0.0008082719145741168,0.44613421135729164,0.02086297343229172
informational_p201_d25,INFORMATIONAL_CAMOUFLAGE,201,225,during,201,225,target_share_decisions,30,0.0008693333333333333,0.00024045117234799433,0.00037755546816165594,0.0013611111985050105,0.6600833924107588,0.0011239373514913477
informational_p201_d25,INFORMATIONAL_CAMOUFLAGE,201,225,during,201,225,participation_rate,30,0.0,0.0,0.0,0.0,,
informational_p201_d25,INFORMATIONAL_CAMOUFLAGE,201,225,post_1_25,226,250,false_rate_agent_period,30,-0.00017600000000000135,0.00010979772415621842,-0.0004005615600830092,4.85615600830065e-05,-0.29265685563073784,0.11978387953631234
informational_p201_d25,INFORMATIONAL_CAMOUFLAGE,201,225,post_1_25,226,250,false_share_decisions,30,-0.00017600000000000135,0.00010979772415621842,-0.0004005615600830092,4.85615600830065e-05,-0.29265685563073784,0.11978387953631234
informational_p201_d25,INFORMATIONAL_CAMOUFLAGE,201,225,post_1_25,226,250,target_share_decisions,30,-0.00011733333333333332,0.0001073815127106647,-0.00033695318614623436,0.00010228651947956774,-0.19949465474906597,0.2835298549218424
informational_p201_d25,INFORMATIONAL_CAMOUFLAGE,201,225,post_1_25,226,250,participation_rate,30,0.0,0.0,0.0,0.0,,
informational_p201_d25,INFORMATIONAL_CAMOUFLAGE,201,225,post_26_50,251,275,false_rate_agent_period,30,-0.00011733333333333341,8.295537275988694e-05,-0.000286996120676022,5.232945400935514e-05,-0.2582356885629611,0.16788748833164702
informational_p201_d25,INFORMATIONAL_CAMOUFLAGE,201,225,post_26_50,251,275,false_share_decisions,30,-0.00011733333333333341,8.295537275988694e-05,-0.000286996120676022,5.232945400935514e-05,-0.2582356885629611,0.16788748833164702
informational_p201_d25,INFORMATIONAL_CAMOUFLAGE,201,225,post_26_50,251,275,target_share_decisions,30,-0.00011466666666666678,6.181123160470453e-05,-0.00024108482976133825,1.1751496428004691e-05,-0.3386952947802608,0.07377243633162274
informational_p201_d25,INFORMATIONAL_CAMOUFLAGE,201,225,post_26_50,251,275,participation_rate,30,0.0,0.0,0.0,0.0,,
informational_p201_d25,INFORMATIONAL_CAMOUFLAGE,201,225,post_51_100,276,325,false_rate_agent_period,30,-1.733333333333309e-05,2.4834779715650806e-05,-6.812616096361809e-05,3.345949429695192e-05,-0.12742690925285644,0.4907698227829358
informational_p201_d25,INFORMATIONAL_CAMOUFLAGE,201,225,post_51_100,276,325,false_share_decisions,30,-1.733333333333309e-05,2.4834779715650806e-05,-6.812616096361809e-05,3.345949429695192e-05,-0.12742690925285644,0.4907698227829358
informational_p201_d25,INFORMATIONAL_CAMOUFLAGE,201,225,post_51_100,276,325,target_share_decisions,30,-1.599999999999994e-05,1.8653525752213923e-05,-5.415074379871358e-05,2.2150743798713697e-05,-0.15660240386534804,0.39806598947761324
informational_p201_d25,INFORMATIONAL_CAMOUFLAGE,201,225,post_51_100,276,325,participation_rate,30,0.0,0.0,0.0,0.0,,
informational_p201_d100,INFORMATIONAL_CAMOUFLAGE,201,300,during,201,300,false_rate_agent_period,30,0.0002086666666666651,0.0001212906960578246,-3.940066022570596e-05,0.00045673399355903617,0.31409784934714763,0.09601810939036669
informational_p201_d100,INFORMATIONAL_CAMOUFLAGE,201,300,during,201,300,false_share_decisions,30,0.0002086666666666651,0.0001212906960578246,-3.940066022570596e-05,0.00045673399355903617,0.31409784934714763,0.09601810939036669
informational_p201_d100,INFORMATIONAL_CAMOUFLAGE,201,300,during,201,300,target_share_decisions,30,0.0008459999999999999,0.00014603148770829817,0.000547332072654251,0.0011446679273457486,1.0577017576167569,2.8125039675355775e-06
informational_p201_d100,INFORMATIONAL_CAMOUFLAGE,201,300,during,201,300,participation_rate,30,0.0,0.0,0.0,0.0,,
informational_p201_d100,INFORMATIONAL_CAMOUFLAGE,201,300,post_1_25,301,325,false_rate_agent_period,30,-0.0001066666666666703,0.00014627743545265416,-0.00040583761362959173,0.0001925042802962511,-0.13313454506597455,0.47172329111239836
informational_p201_d100,INFORMATIONAL_CAMOUFLAGE,201,300,post_1_25,301,325,false_share_decisions,30,-0.0001066666666666703,0.00014627743545265416,-0.00040583761362959173,0.0001925042802962511,-0.13313454506597455,0.47172329111239836
informational_p201_d100,INFORMATIONAL_CAMOUFLAGE,201,300,post_1_25,301,325,target_share_decisions,30,-4.533333333333333e-05,0.00011556133201005732,-0.00028168279504464135,0.00019101612837797466,-0.07162167725621393,0.6977137486014069
informational_p201_d100,INFORMATIONAL_CAMOUFLAGE,201,300,post_1_25,301,325,participation_rate,30,0.0,0.0,0.0,0.0,,
informational_p201_d100,INFORMATIONAL_CAMOUFLAGE,201,300,post_26_50,326,350,false_rate_agent_period,30,-0.00015200000000000074,0.00011066195807736851,-0.0003783291169162813,7.432911691627984e-05,-0.25077521425679494,0.18010680929293096
informational_p201_d100,INFORMATIONAL_CAMOUFLAGE,201,300,post_26_50,326,350,false_share_decisions,30,-0.00015200000000000074,0.00011066195807736851,-0.0003783291169162813,7.432911691627984e-05,-0.25077521425679494,0.18010680929293096
informational_p201_d100,INFORMATIONAL_CAMOUFLAGE,201,300,post_26_50,326,350,target_share_decisions,30,-0.00021333333333333344,0.00017013134434754198,-0.0005612910018488123,0.0001346243351821455,-0.22893582481336902,0.21988049766978152
informational_p201_d100,INFORMATIONAL_CAMOUFLAGE,201,300,post_26_50,326,350,participation_rate,30,0.0,0.0,0.0,0.0,,
informational_p201_d100,INFORMATIONAL_CAMOUFLAGE,201,300,post_51_100,351,400,false_rate_agent_period,30,-3.333333333333394e-05,2.7195897820031343e-05,-8.89551896992742e-05,2.228852303260632e-05,-0.2237766237678467,0.23018195579139175
informational_p201_d100,INFORMATIONAL_CAMOUFLAGE,201,300,post_51_100,351,400,false_share_decisions,30,-3.333333333333394e-05,2.7195897820031343e-05,-8.89551896992742e-05,2.228852303260632e-05,-0.2237766237678467,0.23018195579139175
informational_p201_d100,INFORMATIONAL_CAMOUFLAGE,201,300,post_51_100,351,400,target_share_decisions,30,-1.733333333333338e-05,1.6794452651001837e-05,-5.1681845718556494e-05,1.7015179051889735e-05,-0.18843241199362276,0.3105624360045735
informational_p201_d100,INFORMATIONAL_CAMOUFLAGE,201,300,post_51_100,351,400,participation_rate,30,0.0,0.0,0.0,0.0,,
informational_p201_permanent,INFORMATIONAL_CAMOUFLAGE,201,-1,during,201,400,false_rate_agent_period,30,0.00012666666666666753,8.823470963670889e-05,-5.3793576947301543e-05,0.0003071269102806366,0.2620971229386341,0.16182525310300125
informational_p201_permanent,INFORMATIONAL_CAMOUFLAGE,201,-1,during,201,400,false_share_decisions,30,0.00012666666666666753,8.823470963670889e-05,-5.3793576947301543e-05,0.0003071269102806366,0.2620971229386341,0.16182525310300125
informational_p201_permanent,INFORMATIONAL_CAMOUFLAGE,201,-1,during,201,400,target_share_decisions,30,0.0007686666666666668,0.00010602182960357938,0.0005518276780482838,0.00098550565528505,1.3236773159824309,5.534017529892463e-08
informational_p201_permanent,INFORMATIONAL_CAMOUFLAGE,201,-1,during,201,400,participation_rate,30,0.0,0.0,0.0,0.0,,
