research_question,condition,strategy,start_period,end_period,target_reach,wom,contacts,memory,memory_half_life,n,fake_repost_share_all_mean,fake_repost_share_all_sd,fake_repost_share_final100_mean,fake_repost_share_final100_sd,target_share_all_mean,target_share_all_sd,target_share_final100_mean,target_share_final100_sd,cumulative_fake_reposts_mean,cumulative_fake_reposts_sd,target_unique_reposters_p400_mean,target_unique_reposters_p400_sd,fake_repost_share_during_mean,fake_repost_share_during_sd,fake_repost_share_post100_mean,fake_repost_share_post100_sd
RQ1,control,NONE,,,,1.0,5.0,-1.0,0.33,30,0.11464199999999998,0.019134167111073394,0.10054000000000002,0.035459177888830476,0.01328216666666667,0.004805115213253859,0.008755333333333334,0.004700977692392064,22928.4,3826.8334222146786,459.46666666666664,23.488417297179407,0.11464199999999998,0.019134167111073394,,
RQ1,engagement,ENGAGEMENT,1.0,-1.0,,1.0,5.0,-1.0,0.33,30,0.11443283333333333,0.018204508852409925,0.10068266666666666,0.03527511371797534,0.013115,0.004526392336751963,0.008636000000000001,0.004313495742114669,22886.566666666666,3640.901770481985,458.4,22.69376338450113,0.11443283333333333,0.018204508852409925,,
RQ1,proximity,PROXIMITY,1.0,-1.0,,1.0,5.0,-1.0,0.33,30,0.11430950000000001,0.01897473430598591,0.10039066666666667,0.03548643246644275,0.013676833333333334,0.005151732464429561,0.009060666666666665,0.005062428157571691,22861.9,3794.9468611971824,463.1,21.730877443922015,0.11430950000000001,0.01897473430598591,,
RQ1,informational,INFORMATIONAL_CAMOUFLAGE,1.0,-1.0,,1.0,5.0,-1.0,0.33,30,0.114568,0.019107970470911905,0.10059866666666667,0.035716241039938514,0.014151166666666666,0.005260452105149777,0.009443333333333335,0.005289954261801705,22913.6,3821.5940941823815,465.3666666666667,20.82850058889524,0.114568,0.019107970470911905,,
RQ1,credibility,CREDIBILITY_CAMOUFLAGE,1.0,-1.0,,1.0,5.0,-1.0,0.33,30,0.11455850000000002,0.01938135787341128,0.10033933333333331,0.035378516560520004,0.013761500000000003,0.005291288570979598,0.008931333333333335,0.004822675415256509,22911.7,3876.271574682256,463.4,22.19133101942723,0.11455850000000002,0.01938135787341128,,
RQ1,all,"ENGAGEMENT,PROXIMITY,INFORMATIONAL_CAMOUFLAGE,CREDIBILITY_CAMOUFLAGE",1.0,-1.0,,1.0,5.0,-1.0,0.33,30,0.11621050000000001,0.018215737244538555,0.102532,0.037106015721963745,0.017991333333333335,0.006172626296990516,0.012453333333333332,0.007988889411112692,23242.1,3643.14744890771,476.6333333333333,17.66056064508855,0.11621050000000001,0.018215737244538555,,
RQ2,control,NONE,,,,1.0,5.0,-1.0,0.33,30,0.11464199999999998,0.019134167111073394,0.10054000000000002,0.035459177888830476,0.01328216666666667,0.004805115213253859,0.008755333333333334,0.004700977692392064,22928.4,3826.8334222146786,459.46666666666664,23.488417297179407,0.11464199999999998,0.019134167111073394,,
RQ2,credibility_p1_d25,CREDIBILITY_CAMOUFLAGE,1.0,25.0,,1.0,5.0,-1.0,0.33,30,0.11455983333333332,0.019064769931931288,0.10055133333333334,0.03545783574052848,0.013328333333333334,0.004775662859449611,0.008759333333333334,0.00469355973526552,22911.966666666667,3812.9539863862574,461.26666666666665,23.362116893533564,0.1787466666666666,0.04986616165458215,0.11405266666666665,0.04125496684273788
RQ2,credibility_p1_d100,CREDIBILITY_CAMOUFLAGE,1.0,100.0,,1.0,5.0,-1.0,0.33,30,0.11459116666666666,0.019111166111561013,0.10055799999999998,0.03544961352836368,0.013488500000000004,0.004974676587997697,0.008768000000000001,0.004688190887016381,22918.233333333334,3822.233222312203,461.8,23.591933162520352,0.13640066666666667,0.03670059681308714,0.11392466666666666,0.04012852341246021
RQ2,credibility_p1_permanent,CREDIBILITY_CAMOUFLAGE,1.0,-1.0,,1.0,5.0,-1.0,0.33,30,0.11455850000000002,0.01938135787341128,0.10033933333333331,0.035378516560520004,0.013761500000000003,0.005291288570979598,0.008931333333333335,0.004822675415256509,22911.7,3876.271574682256,463.4,22.19133101942723,0.11455850000000002,0.01938135787341128,,
RQ2,credibility_p101_d25,CREDIBILITY_CAMOUFLAGE,101.0,125.0,,1.0,5.0,-1.0,0.33,30,0.11467033333333335,0.01921202496701827,0.10054000000000002,0.035459177888830476,0.013315999999999998,0.004875331005561889,0.008755333333333334,0.004700977692392064,22934.066666666666,3842.404993403654,459.73333333333335,23.610245194849618,0.08986933333333333,0.07889857089450608,0.11849866666666667,0.029997820579839296
RQ2,credibility_p101_d100,CREDIBILITY_CAMOUFLAGE,101.0,200.0,,1.0,5.0,-1.0,0.33,30,0.1146065,0.019142091197960436,0.100554,0.03545026361460275,0.013369333333333332,0.004848987760228992,0.008756666666666666,0.004699878452818154,22921.3,3828.418239592088,460.5,23.21080307336101,0.11379933333333334,0.040553399953839775,0.10739533333333333,0.038843623781848
RQ2,credibility_p101_permanent,CREDIBILITY_CAMOUFLAGE,101.0,-1.0,,1.0,5.0,-1.0,0.33,30,0.11454383333333333,0.01920561626206634,0.10033466666666668,0.035386903064633206,0.013499666666666668,0.0049410450055758885,0.008923333333333333,0.004829647187323624,22908.766666666666,3841.1232524132683,461.56666666666666,22.387932915521368,0.107166,0.018862993781638436,,
RQ2,credibility_p201_d25,CREDIBILITY_CAMOUFLAGE,201.0,225.0,,1.0,5.0,-1.0,0.33,30,0.1146455,0.01914601976958243,0.10053733333333333,0.03545457267656967,0.013303,0.00483168004621224,0.008755333333333334,0.004699052533505417,22929.1,3829.2039539164866,459.8,23.088136974765142,0.10816533333333335,0.06422167448784707,0.10606866666666666,0.02945042950724012
RQ2,credibility_p201_d100,CREDIBILITY_CAMOUFLAGE,201.0,300.0,,1.0,5.0,-1.0,0.33,30,0.1145975,0.019205024115920902,0.10041400000000003,0.03536148192791036,0.013340499999999998,0.004905834202675213,0.008636,0.004563233578248562,22919.5,3841.0048231841806,459.8666666666667,22.91172464998612,0.10742933333333334,0.03908403703898009,0.10041400000000003,0.03536148192791036
RQ2,credibility_p201_permanent,CREDIBILITY_CAMOUFLAGE,201.0,-1.0,,1.0,5.0,-1.0,0.33,30,0.11457433333333332,0.01918862453666743,0.10032133333333335,0.035395283119738385,0.013412166666666666,0.00489467192436086,0.008922666666666667,0.004830614249035883,22914.866666666665,3837.7249073334865,460.5,22.639224429264814,0.10387533333333335,0.023653470071784005,,
RQ2,informational_p1_d25,INFORMATIONAL_CAMOUFLAGE,1.0,25.0,,1.0,5.0,-1.0,0.33,30,0.11456500000000001,0.01901528024402009,0.10053066666666663,0.03547979696452163,0.013433166666666666,0.004830431815375154,0.008738,0.00471770940912701,22913.0,3803.056048804018,462.03333333333336,22.243919484276788,0.1796613333333333,0.05010241949786687,0.11386399999999999,0.04122695348668275
RQ2,informational_p1_d100,INFORMATIONAL_CAMOUFLAGE,1.0,100.0,,1.0,5.0,-1.0,0.33,30,0.11459866666666668,0.019137060539486047,0.10053399999999998,0.03547566631776851,0.013631833333333334,0.005048823263947225,0.008743333333333332,0.0047144095570139394,22919.733333333334,3827.4121078972094,462.93333333333334,22.41910105142539,0.13656666666666667,0.03706587475379972,0.11381266666666666,0.03996845945573044
RQ2,informational_p1_permanent,INFORMATIONAL_CAMOUFLAGE,1.0,-1.0,,1.0,5.0,-1.0,0.33,30,0.114568,0.019107970470911905,0.10059866666666667,0.035716241039938514,0.014151166666666666,0.005260452105149777,0.009443333333333335,0.005289954261801705,22913.6,3821.5940941823815,465.3666666666667,20.82850058889524,0.114568,0.019107970470911905,,
RQ2,informational_p101_d25,INFORMATIONAL_CAMOUFLAGE,101.0,125.0,,1.0,5.0,-1.0,0.33,30,0.11459983333333333,0.01908562568347931,0.10054133333333333,0.03545739937692431,0.013309833333333333,0.0048532910063125234,0.008755333333333334,0.004700977692392064,22919.966666666667,3817.125136695862,459.4,23.373430244174912,0.08988533333333333,0.07883517137951043,0.11819266666666665,0.02932732583989785
RQ2,informational_p101_d100,INFORMATIONAL_CAMOUFLAGE,101.0,200.0,,1.0,5.0,-1.0,0.33,30,0.1145095,0.018995524398004192,0.100556,0.03544542318590069,0.013415666666666663,0.004913244018121754,0.008761999999999999,0.004699808800219503,22901.9,3799.1048796008386,460.4,23.426480742954116,0.113482,0.03953360416065091,0.10732266666666668,0.03886377365862077
RQ2,informational_p101_permanent,INFORMATIONAL_CAMOUFLAGE,101.0,-1.0,,1.0,5.0,-1.0,0.33,30,0.11457083333333336,0.01900217501540526,0.10060466666666668,0.035679060094058,0.013795333333333331,0.004983382892922364,0.009456,0.005260702457355632,22914.166666666668,3800.4350030810524,462.46666666666664,22.236554764983083,0.107202,0.018633313647101645,,
RQ2,informational_p201_d25,INFORMATIONAL_CAMOUFLAGE,201.0,225.0,,1.0,5.0,-1.0,0.33,30,0.11465,0.019126070490662558,0.10054266666666667,0.035451024491137975,0.0133205,0.004836684592241631,0.008756666666666666,0.0046999929077960675,22930.0,3825.2140981325115,459.9,23.15368444650388,0.10837599999999999,0.06450973610559721,0.10603,0.02940676429338829
RQ2,informational_p201_d100,INFORMATIONAL_CAMOUFLAGE,201.0,300.0,,1.0,5.0,-1.0,0.33,30,0.11467383333333334,0.019168269698831102,0.10045866666666665,0.03537963331259007,0.013475333333333336,0.004907346873141671,0.008682,0.004559359755416361,22934.766666666666,3833.6539397662195,460.7,22.56966227422142,0.10769000000000001,0.039108077567613614,0.10045866666666665,0.03537963331259007
RQ2,informational_p201_permanent,INFORMATIONAL_CAMOUFLAGE,201.0,-1.0,,1.0,5.0,-1.0,0.33,30,0.11470533333333334,0.019140517906972278,0.1005846666666667,0.03569517138535526,0.013666500000000002,0.004880618981023928,0.009446666666666667,0.005263271130058354,22941.066666666666,3828.1035813944554,461.73333333333335,22.20272324603966,0.10413733333333332,0.02367429086194752,,
RQ3,control_reach14_7_wom0,NONE,,,14.7,0.0,5.0,-1.0,0.33,30,0.14483200000000002,0.014725586142540449,0.1422733333333333,0.028744523356432718,0.016941666666666667,0.004996213451262337,0.014686666666666669,0.005517319022442177,28966.4,2945.1172285080897,40.46666666666667,4.775897340008352,0.14483200000000002,0.014725586142540449,,
RQ3,control_reach14_7_wom1,NONE,,,14.7,1.0,5.0,-1.0,0.33,30,0.098195,0.0145080396855413,0.09724733333333331,0.035242704692219476,0.0022168333333333337,0.0007404896834287213,0.0018513333333333335,0.0015038587913656708,19639.0,2901.6079371082606,87.36666666666666,19.962867828897306,0.098195,0.0145080396855413,,
RQ3,control_reach10_0_wom0,NONE,,,10.0,0.0,5.0,-1.0,0.33,30,0.13899883333333332,0.01239115122837131,0.14060799999999998,0.025517563714646318,0.0115685,0.004063596621221157,0.010419333333333333,0.004406545236297959,27799.766666666666,2478.230245674262,28.566666666666666,4.804332336069424,0.13899883333333332,0.01239115122837131,,
RQ3,control_reach10_0_wom1,NONE,,,10.0,1.0,5.0,-1.0,0.33,30,0.0988935,0.017789045018561673,0.09840666666666667,0.03465744815539191,0.001551,0.0005616576451405497,0.0013573333333333332,0.0012540993012801116,19778.7,3557.8090037123343,64.16666666666667,15.315269219454414,0.0988935,0.017789045018561673,,
RQ3,control_reach5_0_wom0,NONE,,,5.0,0.0,5.0,-1.0,0.33,30,0.13599983333333332,0.01051526865901506,0.13633533333333334,0.021908842921544703,0.005755166666666666,0.003538972304393518,0.005399999999999999,0.003541867810380124,27199.966666666667,2103.053731803012,14.266666666666667,3.6287485572789446,0.13599983333333332,0.01051526865901506,,
RQ3,control_reach5_0_wom1,NONE,,,5.0,1.0,5.0,-1.0,0.33,30,0.09756116666666666,0.017183175396165935,0.09137733333333334,0.03747222961932847,0.0007536666666666667,0.0002566795040826048,0.0006533333333333335,0.000581112686165935,19512.233333333334,3436.6350792331873,30.8,9.363907230461528,0.09756116666666666,0.017183175396165935,,
RQ3,control_reach1_0_wom0,NONE,,,1.0,0.0,5.0,-1.0,0.33,30,0.13558266666666666,0.011912118049985137,0.132236,0.023428605798364793,0.0010963333333333333,0.001214444624973258,0.0009866666666666665,0.0012424595555294493,27116.533333333333,2382.4236099970267,2.8,1.7300587990805003,0.13558266666666666,0.011912118049985137,,
RQ3,control_reach1_0_wom1,NONE,,,1.0,1.0,5.0,-1.0,0.33,30,0.09352483333333333,0.01043157487063239,0.09953999999999999,0.03076987689507274,0.00019600000000000002,0.00022047519213015234,0.00021866666666666665,0.0004377980429796159,18704.966666666667,2086.3149741264783,8.166666666666666,9.847398863040741,0.09352483333333333,0.01043157487063239,,
RQ3,control_reach0_0_wom0,NONE,,,0.0,0.0,5.0,-1.0,0.33,30,0.13412299999999996,0.013509372965872048,0.126268,0.02242719998819168,0.0,0.0,0.0,0.0,26824.6,2701.8745931744093,0.0,0.0,0.13412299999999996,0.013509372965872048,,
RQ3,control_reach0_0_wom1,NONE,,,0.0,1.0,5.0,-1.0,0.33,30,0.09563683333333334,0.01124137887935441,0.09309266666666668,0.030082766968910078,0.0,0.0,0.0,0.0,19127.366666666665,2248.275775870882,0.0,0.0,0.09563683333333334,0.01124137887935441,,
RQ3,credibility_reach14_7_wom0,CREDIBILITY_CAMOUFLAGE,1.0,-1.0,14.7,0.0,5.0,-1.0,0.33,30,0.147966,0.014679782919094005,0.14483533333333334,0.02856903879151807,0.022921833333333332,0.005623109564836961,0.019341333333333332,0.0058666960291846185,29593.2,2935.9565838188014,40.46666666666667,4.775897340008352,0.147966,0.014679782919094005,,
RQ3,credibility_reach14_7_wom1,CREDIBILITY_CAMOUFLAGE,1.0,-1.0,14.7,1.0,5.0,-1.0,0.33,30,0.09829233333333334,0.014494060063572137,0.09740933333333332,0.03543507661502432,0.002545333333333332,0.0007995083978051259,0.0023146666666666667,0.0019693509053761208,19658.466666666667,2898.8120127144275,103.36666666666666,24.063827960072228,0.09829233333333334,0.014494060063572137,,
RQ3,credibility_reach10_0_wom0,CREDIBILITY_CAMOUFLAGE,1.0,-1.0,10.0,0.0,5.0,-1.0,0.33,30,0.141108,0.012660360456817638,0.142242,0.025423508724447715,0.015408333333333333,0.004822733938719631,0.01333,0.005027663473224914,28221.6,2532.0720913635278,28.566666666666666,4.804332336069424,0.141108,0.012660360456817638,,
RQ3,credibility_reach10_0_wom1,CREDIBILITY_CAMOUFLAGE,1.0,-1.0,10.0,1.0,5.0,-1.0,0.33,30,0.098983,0.017798473907846026,0.09847333333333334,0.03464532543811132,0.0017841666666666668,0.0006483242102599557,0.0016679999999999998,0.0015464361699036294,19796.6,3559.694781569206,74.4,19.069021637380786,0.098983,0.017798473907846026,,
RQ3,credibility_reach5_0_wom0,CREDIBILITY_CAMOUFLAGE,1.0,-1.0,5.0,0.0,5.0,-1.0,0.33,30,0.13709033333333334,0.010605256336082735,0.13709600000000002,0.022054712155815188,0.007887,0.004060125401494647,0.006936,0.004196226219206803,27418.066666666666,2121.051267216547,14.266666666666667,3.6287485572789446,0.13709033333333334,0.010605256336082735,,
RQ3,credibility_reach5_0_wom1,CREDIBILITY_CAMOUFLAGE,1.0,-1.0,5.0,1.0,5.0,-1.0,0.33,30,0.09760783333333335,0.01717922806881118,0.091404,0.03744567389957221,0.0008786666666666666,0.0003363519639873698,0.000796,0.0007477303589230362,19521.566666666666,3435.8456137622356,36.46666666666667,13.428567934877092,0.09760783333333335,0.01717922806881118,,
RQ3,credibility_reach1_0_wom0,CREDIBILITY_CAMOUFLAGE,1.0,-1.0,1.0,0.0,5.0,-1.0,0.33,30,0.13587566666666664,0.011979297928116429,0.13246733333333333,0.02327465840089089,0.0015921666666666669,0.0013867362348541526,0.0013453333333333334,0.0011765634743588645,27175.133333333335,2395.859585623287,2.8,1.7300587990805003,0.13587566666666664,0.011979297928116429,,
RQ3,credibility_reach1_0_wom1,CREDIBILITY_CAMOUFLAGE,1.0,-1.0,1.0,1.0,5.0,-1.0,0.33,30,0.09353983333333332,0.010422935955707566,0.09958466666666667,0.03076068771184655,0.000219,0.00024598289820005074,0.00024533333333333335,0.0004564611501641683,18707.966666666667,2084.5871911415134,9.4,10.842445327953246,0.09353983333333332,0.010422935955707566,,
RQ3,credibility_reach0_0_wom0,CREDIBILITY_CAMOUFLAGE,1.0,-1.0,0.0,0.0,5.0,-1.0,0.33,30,0.13412299999999996,0.013509372965872048,0.126268,0.02242719998819168,0.0,0.0,0.0,0.0,26824.6,2701.8745931744093,0.0,0.0,0.13412299999999996,0.013509372965872048,,
RQ3,credibility_reach0_0_wom1,CREDIBILITY_CAMOUFLAGE,1.0,-1.0,0.0,1.0,5.0,-1.0,0.33,30,0.09563683333333334,0.01124137887935441,0.09309266666666668,0.030082766968910078,0.0,0.0,0.0,0.0,19127.366666666665,2248.275775870882,0.0,0.0,0.09563683333333334,0.01124137887935441,,
RQ3,informational_reach14_7_wom0,INFORMATIONAL_CAMOUFLAGE,1.0,-1.0,14.7,0.0,5.0,-1.0,0.33,30,0.14993483333333332,0.014716845818086608,0.14733733333333332,0.02841741172583109,0.026494333333333328,0.006212520690777081,0.02375933333333333,0.0069246954038991206,29986.966666666667,2943.369163617322,40.46666666666667,4.775897340008352,0.14993483333333332,0.014716845818086608,,
RQ3,informational_reach14_7_wom1,INFORMATIONAL_CAMOUFLAGE,1.0,-1.0,14.7,1.0,5.0,-1.0,0.33,30,0.0983865,0.01452293858302124,0.097478,0.03549271332696818,0.0027218333333333335,0.0009416177232728839,0.002450666666666666,0.0020680007559081746,19677.3,2904.5877166042474,109.43333333333334,29.58527515077604,0.0983865,0.01452293858302124,,
RQ3,informational_reach10_0_wom0,INFORMATIONAL_CAMOUFLAGE,1.0,-1.0,10.0,0.0,5.0,-1.0,0.33,30,0.14255099999999998,0.012581930968517976,0.14383666666666667,0.025284399488049236,0.0180905,0.005197623852001658,0.016350666666666666,0.0054773986610392005,28510.2,2516.3861937035954,28.566666666666666,4.804332336069424,0.14255099999999998,0.012581930968517976,,
RQ3,informational_reach10_0_wom1,INFORMATIONAL_CAMOUFLAGE,1.0,-1.0,10.0,1.0,5.0,-1.0,0.33,30,0.09910933333333334,0.01789163736138379,0.09865200000000002,0.0348971405211333,0.0020105,0.0009078663409904831,0.0020426666666666666,0.002311815130022792,19821.866666666665,3578.3274722767583,83.66666666666667,26.979345015608963,0.09910933333333334,0.01789163736138379,,
RQ3,informational_reach5_0_wom0,INFORMATIONAL_CAMOUFLAGE,1.0,-1.0,5.0,0.0,5.0,-1.0,0.33,30,0.13791583333333332,0.01039851366064279,0.13785066666666665,0.021735889110001894,0.009209166666666666,0.0037732883955632064,0.008137333333333333,0.004080452082233328,27583.166666666668,2079.702732128558,14.266666666666667,3.6287485572789446,0.13791583333333332,0.01039851366064279,,
RQ3,informational_reach5_0_wom1,INFORMATIONAL_CAMOUFLAGE,1.0,-1.0,5.0,1.0,5.0,-1.0,0.33,30,0.09764233333333334,0.01719307432405978,0.09147466666666668,0.03751706551767437,0.000985,0.0004328733190493815,0.0008920000000000002,0.0008418632864684432,19528.466666666667,3438.614864811956,42.266666666666666,18.537814723225704,0.09764233333333334,0.01719307432405978,,
RQ3,informational_reach1_0_wom0,INFORMATIONAL_CAMOUFLAGE,1.0,-1.0,1.0,0.0,5.0,-1.0,0.33,30,0.13605133333333336,0.011855008030461167,0.13270666666666664,0.023156567152729058,0.0018955000000000003,0.001996201284681862,0.0017033333333333334,0.0018979341461147978,27210.266666666666,2371.0016060922344,2.8,1.7300587990805003,0.13605133333333336,0.011855008030461167,,
RQ3,informational_reach1_0_wom1,INFORMATIONAL_CAMOUFLAGE,1.0,-1.0,1.0,1.0,5.0,-1.0,0.33,30,0.09354449999999999,0.01043943785231819,0.09960866666666666,0.030761565218835076,0.0002371666666666667,0.0002659228671332494,0.0003179999999999999,0.0005472779033071552,18708.9,2087.8875704636375,10.133333333333333,12.107943626007463,0.09354449999999999,0.01043943785231819,,
RQ3,informational_reach0_0_wom0,INFORMATIONAL_CAMOUFLAGE,1.0,-1.0,0.0,0.0,5.0,-1.0,0.33,30,0.13412299999999996,0.013509372965872048,0.126268,0.02242719998819168,0.0,0.0,0.0,0.0,26824.6,2701.8745931744093,0.0,0.0,0.13412299999999996,0.013509372965872048,,
RQ3,informational_reach0_0_wom1,INFORMATIONAL_CAMOUFLAGE,1.0,-1.0,0.0,1.0,5.0,-1.0,0.33,30,0.09563683333333334,0.01124137887935441,0.09309266666666668,0.030082766968910078,0.0,0.0,0.0,0.0,19127.366666666665,2248.275775870882,0.0,0.0,0.09563683333333334,0.01124137887935441,,
RQ4,control_c3_window25,NONE,,,,1.0,3.0,25.0,-1.0,15,0.13225266666666666,0.014121035204194315,0.10174133333333332,0.034259258157814935,0.004463666666666667,0.000353687042184929,1.3333333333333334e-06,5.1639777949432234e-06,26450.533333333333,2824.2070408388636,268.4,8.60066442616084,0.13225266666666666,0.014121035204194315,,
RQ4,credibility_c3_window25,CREDIBILITY_CAMOUFLAGE,1.0,-1.0,,1.0,3.0,25.0,-1.0,15,0.13370266666666666,0.014284522701494927,0.10161866666666668,0.03440996240016766,0.007145000000000001,0.0006786725488565368,1.3333333333333334e-06,5.1639777949432234e-06,26740.533333333333,2856.9045402989846,269.1333333333333,8.425019429114236,0.13370266666666666,0.014284522701494927,,
RQ4,control_c3_half0_33,NONE,,,,1.0,3.0,-1.0,0.33,15,0.10410266666666666,0.01891870227981774,0.10350400000000001,0.04059867851473564,0.012154999999999997,0.004084779675820962,0.008693333333333334,0.008343013044857756,20820.533333333333,3783.740455963548,450.26666666666665,34.06813900461977,0.10410266666666666,0.01891870227981774,,
RQ4,credibility_c3_half0_33,CREDIBILITY_CAMOUFLAGE,1.0,-1.0,,1.0,3.0,-1.0,0.33,15,0.10398533333333333,0.018837746156005374,0.10352133333333333,0.04083541073044092,0.012587666666666669,0.00435316751124424,0.009098666666666668,0.008892495926876987,20797.066666666666,3767.549231201075,453.8,33.55422051375526,0.10398533333333333,0.018837746156005374,,
RQ4,control_c3_half1,NONE,,,,1.0,3.0,-1.0,1.0,15,0.102094,0.0159642639085821,0.09466933333333334,0.03662177483930773,0.0049749999999999985,0.0013129764441364299,0.0,0.0,20418.8,3192.852781716421,265.0,44.71816505307754,0.102094,0.0159642639085821,,
RQ4,credibility_c3_half1,CREDIBILITY_CAMOUFLAGE,1.0,-1.0,,1.0,3.0,-1.0,1.0,15,0.10246199999999998,0.015809869182615916,0.09466933333333334,0.03662177483930773,0.006373666666666666,0.001802260947756879,0.0,0.0,20492.4,3161.9738365231838,276.6,42.48999882325251,0.10246199999999998,0.015809869182615916,,
RQ4,control_c3_half5,NONE,,,,1.0,3.0,-1.0,5.0,15,0.117917,0.01527751496714791,0.09634799999999998,0.03615802444034479,0.003636666666666667,0.0003783925902828337,0.00027066666666666667,0.00015979749089155968,23583.4,3055.502993429583,231.46666666666667,12.22916108947711,0.117917,0.01527751496714791,,
RQ4,credibility_c3_half5,CREDIBILITY_CAMOUFLAGE,1.0,-1.0,,1.0,3.0,-1.0,5.0,15,0.11868333333333334,0.014987819300383636,0.09623466666666666,0.03619652664210174,0.005831666666666666,0.0005913141136083096,0.00026266666666666664,0.00016192884974874732,23736.666666666668,2997.5638600767284,240.6,11.39423413084756,0.11868333333333334,0.014987819300383636,,
RQ4,control_c5_window25,NONE,,,,1.0,5.0,25.0,-1.0,15,0.13319566666666666,0.015478535122026554,0.08793866666666665,0.028411499147519895,0.004509,0.000440900863492658,5.333333333333334e-06,1.1872336794093276e-05,26639.133333333335,3095.70702440531,272.06666666666666,11.27238513654793,0.13319566666666666,0.015478535122026554,,
RQ4,credibility_c5_window25,CREDIBILITY_CAMOUFLAGE,1.0,-1.0,,1.0,5.0,25.0,-1.0,15,0.13458633333333334,0.015278445889864706,0.08780133333333333,0.028491804803353206,0.007463333333333332,0.0008182748985052698,5.333333333333334e-06,1.1872336794093276e-05,26917.266666666666,3055.689177972942,273.0,11.313708498984761,0.13458633333333334,0.015278445889864706,,
RQ4,control_c5_half0_33,NONE,,,,1.0,5.0,-1.0,0.33,15,0.119191,0.023542540690054188,0.090636,0.03346986380099481,0.015070333333333335,0.006166178912499407,0.008050666666666668,0.003908663393515682,23838.2,4708.508138010838,467.26666666666665,28.579379845982526,0.119191,0.023542540690054188,,
RQ4,credibility_c5_half0_33,CREDIBILITY_CAMOUFLAGE,1.0,-1.0,,1.0,5.0,-1.0,0.33,15,0.11942699999999999,0.02386303318644013,0.09070533333333333,0.033783635486233074,0.015920333333333335,0.006727994146704889,0.008454666666666666,0.004313225287525842,23885.4,4772.606637288026,470.6666666666667,27.99149530703584,0.11942699999999999,0.02386303318644013,,
RQ4,control_c5_half1,NONE,,,,1.0,5.0,-1.0,1.0,15,0.10656366666666667,0.017143447568205454,0.08133733333333334,0.03067895590202012,0.004145333333333333,0.0012329993434517233,0.0,0.0,21312.733333333334,3428.689513641091,236.4,46.53385864077897,0.10656366666666667,0.017143447568205454,,
RQ4,credibility_c5_half1,CREDIBILITY_CAMOUFLAGE,1.0,-1.0,,1.0,5.0,-1.0,1.0,15,0.107107,0.01701008774227811,0.08134400000000003,0.03068796711602588,0.005411,0.0016966997377261541,4e-06,1.5491933384829667e-05,21421.4,3402.0175484556216,246.46666666666667,40.95270210283821,0.107107,0.01701008774227811,,
RQ4,control_c5_half5,NONE,,,,1.0,5.0,-1.0,5.0,15,0.11992866666666666,0.01580693151150861,0.08285866666666666,0.030116123319735625,0.003511666666666667,0.00042441416205445,0.0001813333333333333,0.000155557369603935,23985.733333333334,3161.3863023017216,226.86666666666667,10.662796917096289,0.11992866666666666,0.01580693151150861,,
RQ4,credibility_c5_half5,CREDIBILITY_CAMOUFLAGE,1.0,-1.0,,1.0,5.0,-1.0,5.0,15,0.12096833333333334,0.016059715758321984,0.08297333333333334,0.030192661990875173,0.005435666666666668,0.0007915104607797739,0.000256,0.00024262846376419116,24193.666666666668,3211.9431516643954,230.66666666666666,12.15769401693939,0.12096833333333334,0.016059715758321984,,
RQ4,control_c10_window25,NONE,,,,1.0,10.0,25.0,-1.0,15,0.12434366666666667,0.015997067863771017,0.101408,0.03626817479357271,0.004427,0.0003616618388968978,0.0,0.0,24868.733333333334,3199.413572754202,266.8666666666667,9.627836625911248,0.12434366666666667,0.015997067863771017,,
RQ4,credibility_c10_window25,CREDIBILITY_CAMOUFLAGE,1.0,-1.0,,1.0,10.0,25.0,-1.0,15,0.12561566666666665,0.016006392792821723,0.10138133333333332,0.036306908800759485,0.007168333333333333,0.0007117299514629996,5.333333333333334e-06,2.0655911179772894e-05,25123.133333333335,3201.2785585643446,266.0,9.242757782641036,0.12561566666666665,0.016006392792821723,,
RQ4,control_c10_half0_33,NONE,,,,1.0,10.0,-1.0,0.33,15,0.10930166666666664,0.02158836671406507,0.11157866666666667,0.048151699253010605,0.014849333333333334,0.00479279103992454,0.012554666666666667,0.011907523352106113,21860.333333333332,4317.673342813013,466.3333333333333,29.637492342992726,0.10930166666666664,0.02158836671406507,,
RQ4,credibility_c10_half0_33,CREDIBILITY_CAMOUFLAGE,1.0,-1.0,,1.0,10.0,-1.0,0.33,15,0.10949966666666668,0.022441416308967243,0.11211066666666666,0.04945143584029352,0.01588166666666667,0.005832264527935056,0.013890666666666667,0.014011478695630068,21899.933333333334,4488.283261793448,471.26666666666665,26.25552096135936,0.10949966666666668,0.022441416308967243,,
RQ4,control_c10_half1,NONE,,,,1.0,10.0,-1.0,1.0,15,0.09684833333333334,0.018059966348911327,0.09666666666666669,0.037352886036263584,0.0037646666666666666,0.0005547343851747771,0.0,0.0,19369.666666666668,3611.9932697822646,217.73333333333332,19.876284025608676,0.09684833333333334,0.018059966348911327,,
RQ4,credibility_c10_half1,CREDIBILITY_CAMOUFLAGE,1.0,-1.0,,1.0,10.0,-1.0,1.0,15,0.09718733333333332,0.018063791018287964,0.09666666666666669,0.037352886036263584,0.004726999999999999,0.0007524526563179906,0.0,0.0,19437.466666666667,3612.7582036575927,223.0,24.29579622662559,0.09718733333333332,0.018063791018287964,,
RQ4,control_c10_half5,NONE,,,,1.0,10.0,-1.0,5.0,15,0.110742,0.01705639614003246,0.09765466666666667,0.03711946541076464,0.0032696666666666664,0.00029562564809150753,0.00014,0.00013543580450847237,22148.4,3411.2792280064923,219.53333333333333,9.440540743188894,0.110742,0.01705639614003246,,
RQ4,credibility_c10_half5,CREDIBILITY_CAMOUFLAGE,1.0,-1.0,,1.0,10.0,-1.0,5.0,15,0.11146766666666667,0.01694266885987087,0.09760266666666667,0.037154594306696966,0.005083000000000001,0.0004422943428468035,0.00017199999999999998,0.00015996428172742637,22293.533333333333,3388.5337719741738,219.33333333333334,9.476788686550092,0.11146766666666667,0.01694266885987087,,
