research_question,condition,metric,strategy,start_period,end_period,target_reach,wom,contacts,memory,memory_half_life,n_pairs,effect,se,ci95_low,ci95_high,cohens_dz,p_value,p_holm
RQ1,engagement,fake_repost_share_all,ENGAGEMENT,1.0,-1.0,,1.0,5.0,-1.0,0.33,30,-0.00020916666666666677,0.0003098248562831604,-0.000842829646606491,0.00042449631327315753,-0.12325813470432881,0.5049518018980891,1.0
RQ1,engagement,fake_repost_share_final100,ENGAGEMENT,1.0,-1.0,,1.0,5.0,-1.0,0.33,30,0.0001426666666666671,0.00012544626851176084,-0.0001138997601885245,0.0003992330935218587,0.20763671029422445,0.2647339508482773,0.7942018525448318
RQ1,engagement,target_share_all,ENGAGEMENT,1.0,-1.0,,1.0,5.0,-1.0,0.33,30,-0.00016716666666666646,8.944004713019414e-05,-0.0003500921022510855,1.5758768917752597e-05,-0.341237723421585,0.07174807465549758,0.07174807465549758
RQ1,engagement,target_share_final100,ENGAGEMENT,1.0,-1.0,,1.0,5.0,-1.0,0.33,30,-0.0001193333333333333,0.00013271517625223887,-0.00039076634576527835,0.00015209967909861178,-0.16416499447589786,0.3759686053995041,0.5006768905934145
RQ1,engagement,cumulative_fake_reposts,ENGAGEMENT,1.0,-1.0,,1.0,5.0,-1.0,0.33,30,-41.833333333333336,61.96497125663216,-168.56592932129837,84.89926265463168,-0.1232581347043286,0.50495180189809,1.0
RQ1,engagement,target_unique_reposters_p400,ENGAGEMENT,1.0,-1.0,,1.0,5.0,-1.0,0.33,30,-1.0666666666666667,0.6449330952261697,-2.385702950215622,0.25236961688228887,-0.30196279221143746,0.10892993718138229,0.10892993718138229
RQ1,proximity,fake_repost_share_all,PROXIMITY,1.0,-1.0,,1.0,5.0,-1.0,0.33,30,-0.00033249999999999995,0.00010396057774049622,-0.0005451232552081041,-0.00011987674479189582,-0.5839320837720667,0.0033326468806815623,0.016663234403407813
RQ1,proximity,fake_repost_share_final100,PROXIMITY,1.0,-1.0,,1.0,5.0,-1.0,0.33,30,-0.00014933333333333256,0.0001385897222419863,-0.00043278114135758094,0.0001341144746909158,-0.19672751565056726,0.29012954524982304,0.7942018525448318
RQ1,proximity,target_share_all,PROXIMITY,1.0,-1.0,,1.0,5.0,-1.0,0.33,30,0.0003946666666666664,0.00011242799313270142,0.00016472560250617349,0.0006246077308271593,0.6409075118671954,0.001483341059825379,0.004450023179476137
RQ1,proximity,target_share_final100,PROXIMITY,1.0,-1.0,,1.0,5.0,-1.0,0.33,30,0.0003053333333333334,0.0001618227591038562,-2.5631370357572978e-05,0.0006362980370242398,0.34448791412498236,0.06923005066419616,0.20769015199258847
RQ1,proximity,cumulative_fake_reposts,PROXIMITY,1.0,-1.0,,1.0,5.0,-1.0,0.33,30,-66.5,20.79211554809941,-109.02465104162117,-23.97534895837883,-0.5839320837720622,0.0033326468806817696,0.016663234403408847
RQ1,proximity,target_unique_reposters_p400,PROXIMITY,1.0,-1.0,,1.0,5.0,-1.0,0.33,30,3.6333333333333333,0.7943526726727717,2.0086997008756446,5.257966965791022,0.835086099690087,8.27536436808344e-05,0.0001655072873616688
RQ1,informational,fake_repost_share_all,INFORMATIONAL_CAMOUFLAGE,1.0,-1.0,,1.0,5.0,-1.0,0.33,30,-7.399999999999906e-05,8.66501089399796e-05,-0.00025121937129807324,0.00010321937129807515,-0.15592005500134234,0.4000995473493404,1.0
RQ1,informational,fake_repost_share_final100,INFORMATIONAL_CAMOUFLAGE,1.0,-1.0,,1.0,5.0,-1.0,0.33,30,5.866666666666682e-05,0.00011306364125208405,-0.00017257444386955335,0.000289907777202887,0.09473442376088206,0.607780493750161,0.7942018525448318
RQ1,informational,target_share_all,INFORMATIONAL_CAMOUFLAGE,1.0,-1.0,,1.0,5.0,-1.0,0.33,30,0.0008690000000000001,0.00010759849804532213,0.0006489363623487496,0.0010890636376512505,1.474527715283111,6.607990735755333e-09,2.643196294302133e-08
RQ1,informational,target_share_final100,INFORMATIONAL_CAMOUFLAGE,1.0,-1.0,,1.0,5.0,-1.0,0.33,30,0.0006880000000000001,0.00015228708521026685,0.0003765379392139736,0.0009994620607860266,0.8248305473906969,9.666483955177206e-05,0.00038665935820708826
RQ1,informational,cumulative_fake_reposts,INFORMATIONAL_CAMOUFLAGE,1.0,-1.0,,1.0,5.0,-1.0,0.33,30,-14.8,17.330021787995932,-50.24387425961487,20.643874259614865,-0.1559200550013442,0.40009954734933495,1.0
RQ1,informational,target_unique_reposters_p400,INFORMATIONAL_CAMOUFLAGE,1.0,-1.0,,1.0,5.0,-1.0,0.33,30,5.9,0.9900075467029205,3.8752072195481113,7.92479278045189,1.088060086020806,1.7798314226006331e-06,7.1193256904025325e-06
RQ1,credibility,fake_repost_share_all,CREDIBILITY_CAMOUFLAGE,1.0,-1.0,,1.0,5.0,-1.0,0.33,30,-8.350000000000024e-05,0.00016925464560085514,-0.00042966461825153467,0.0002626646182515342,-0.09007105514361223,0.6254881608877798,1.0
RQ1,credibility,fake_repost_share_final100,CREDIBILITY_CAMOUFLAGE,1.0,-1.0,,1.0,5.0,-1.0,0.33,30,-0.0002006666666666666,0.0001419453783025559,-0.0004909775619347941,8.964422860146095e-05,-0.2581031783423794,0.16809866568862905,0.6723946627545162
RQ1,credibility,target_share_all,CREDIBILITY_CAMOUFLAGE,1.0,-1.0,,1.0,5.0,-1.0,0.33,30,0.0004793333333333333,0.00013751211719510007,0.00019808947509348846,0.0007605771915731781,0.6364085933807068,0.0015825778911338659,0.004450023179476137
RQ1,credibility,target_share_final100,CREDIBILITY_CAMOUFLAGE,1.0,-1.0,,1.0,5.0,-1.0,0.33,30,0.0001760000000000001,0.00015004183324705795,-0.00013087000491681495,0.00048287000491681515,0.21416065114360255,0.25033844529670723,0.5006768905934145
RQ1,credibility,cumulative_fake_reposts,CREDIBILITY_CAMOUFLAGE,1.0,-1.0,,1.0,5.0,-1.0,0.33,30,-16.7,33.85092912017114,-85.93292365030712,52.53292365030711,-0.09007105514361166,0.6254881608877818,1.0
RQ1,credibility,target_unique_reposters_p400,CREDIBILITY_CAMOUFLAGE,1.0,-1.0,,1.0,5.0,-1.0,0.33,30,3.933333333333333,0.6863753427324668,2.529538136747899,5.337128529918767,1.046257180644565,3.3434387847235636e-06,1.0030316354170691e-05
RQ1,all,fake_repost_share_all,"ENGAGEMENT,PROXIMITY,INFORMATIONAL_CAMOUFLAGE,CREDIBILITY_CAMOUFLAGE",1.0,-1.0,,1.0,5.0,-1.0,0.33,30,0.0015685000000000004,0.0008501619571871444,-0.00017027643545270126,0.003307276435452702,0.3368388905918157,0.07528142823096202,0.3011257129238481
RQ1,all,fake_repost_share_final100,"ENGAGEMENT,PROXIMITY,INFORMATIONAL_CAMOUFLAGE,CREDIBILITY_CAMOUFLAGE",1.0,-1.0,,1.0,5.0,-1.0,0.33,30,0.0019920000000000003,0.00038018700782580704,0.0012144302620409218,0.0027695697379590788,0.9566023317400255,1.3035367174707967e-05,6.517683587353983e-05
RQ1,all,target_share_all,"ENGAGEMENT,PROXIMITY,INFORMATIONAL_CAMOUFLAGE,CREDIBILITY_CAMOUFLAGE",1.0,-1.0,,1.0,5.0,-1.0,0.33,30,0.004709166666666667,0.000351997100573656,0.003989251762628659,0.005429081570704675,2.4425549776605036,6.17665308224393e-14,3.0883265411219647e-13
RQ1,all,target_share_final100,"ENGAGEMENT,PROXIMITY,INFORMATIONAL_CAMOUFLAGE,CREDIBILITY_CAMOUFLAGE",1.0,-1.0,,1.0,5.0,-1.0,0.33,30,0.0036980000000000003,0.0006261161803246804,0.002417448628581059,0.004978551371418942,1.078329167069157,2.060583177076716e-06,1.0302915885383579e-05
RQ1,all,cumulative_fake_reposts,"ENGAGEMENT,PROXIMITY,INFORMATIONAL_CAMOUFLAGE,CREDIBILITY_CAMOUFLAGE",1.0,-1.0,,1.0,5.0,-1.0,0.33,30,313.7,170.03239143742886,-34.055287090540276,661.4552870905402,0.33683889059181565,0.07528142823096207,0.30112571292384827
RQ1,all,target_unique_reposters_p400,"ENGAGEMENT,PROXIMITY,INFORMATIONAL_CAMOUFLAGE,CREDIBILITY_CAMOUFLAGE",1.0,-1.0,,1.0,5.0,-1.0,0.33,30,17.166666666666668,1.6733772948385626,13.744225820791003,20.58910751254233,1.8729728196000284,3.6856052937511434e-11,1.8428026468755718e-10
RQ2,credibility_p1_d25,fake_repost_share_all,CREDIBILITY_CAMOUFLAGE,1.0,25.0,,1.0,5.0,-1.0,0.33,30,-8.216666666666603e-05,7.107050220397264e-05,-0.00022752216445548847,6.318883112215643e-05,-0.21107930581934722,0.2570644190675384,1.0
RQ2,credibility_p1_d25,fake_repost_share_final100,CREDIBILITY_CAMOUFLAGE,1.0,25.0,,1.0,5.0,-1.0,0.33,30,1.1333333333337035e-05,7.712258242763257e-06,-4.4400058325446505e-06,2.710667249921872e-05,0.2682967868811834,0.1524573247623102,1.0
RQ2,credibility_p1_d25,target_share_all,CREDIBILITY_CAMOUFLAGE,1.0,25.0,,1.0,5.0,-1.0,0.33,30,4.6166666666666985e-05,4.714838604356896e-05,-5.0262610048356084e-05,0.00014259594338169007,0.17877264285560432,0.33559047335188685,0.4214022699831157
RQ2,credibility_p1_d25,target_share_final100,CREDIBILITY_CAMOUFLAGE,1.0,25.0,,1.0,5.0,-1.0,0.33,30,4.000000000000054e-06,9.608425421496496e-06,-1.565143648626599e-05,2.3651436486266098e-05,0.07600587102506634,0.6802545628028469,1.0
RQ2,credibility_p1_d25,cumulative_fake_reposts,CREDIBILITY_CAMOUFLAGE,1.0,25.0,,1.0,5.0,-1.0,0.33,30,-16.433333333333334,14.214100440794564,-45.50443289109789,12.637766224431228,-0.21107930581934836,0.2570644190675358,1.0
RQ2,credibility_p1_d25,target_unique_reposters_p400,CREDIBILITY_CAMOUFLAGE,1.0,25.0,,1.0,5.0,-1.0,0.33,30,1.8,0.5014920267298008,0.7743336416390056,2.8256663583609942,0.6553115842062317,0.0012045347872016701,0.010840813084815031
RQ2,credibility_p1_d100,fake_repost_share_all,CREDIBILITY_CAMOUFLAGE,1.0,100.0,,1.0,5.0,-1.0,0.33,30,-5.0833333333331436e-05,0.0001129006488617755,-0.0002817410870014505,0.00018007442033478763,-0.0822037299181295,0.6558793738576896,1.0
RQ2,credibility_p1_d100,fake_repost_share_final100,CREDIBILITY_CAMOUFLAGE,1.0,100.0,,1.0,5.0,-1.0,0.33,30,1.800000000000135e-05,1.0118834152099585e-05,-2.695339551697459e-06,3.869533955170016e-05,0.3247741089174144,0.08574804957885619,1.0
RQ2,credibility_p1_d100,target_share_all,CREDIBILITY_CAMOUFLAGE,1.0,100.0,,1.0,5.0,-1.0,0.33,30,0.00020633333333333365,7.387545177850985e-05,5.52410695299802e-05,0.0003574255971366871,0.5099277153243063,0.009152762263096534,0.08237486036786881
RQ2,credibility_p1_d100,target_share_final100,CREDIBILITY_CAMOUFLAGE,1.0,100.0,,1.0,5.0,-1.0,0.33,30,1.266666666666683e-05,1.1037379887875224e-05,-9.907309851494909e-06,3.5240643184828566e-05,0.20952493956026413,0.2605069711127741,1.0
RQ2,credibility_p1_d100,cumulative_fake_reposts,CREDIBILITY_CAMOUFLAGE,1.0,100.0,,1.0,5.0,-1.0,0.33,30,-10.166666666666666,22.58012977235513,-56.34821740029054,36.01488406695721,-0.08220372991813246,0.6558793738576779,1.0
RQ2,credibility_p1_d100,target_unique_reposters_p400,CREDIBILITY_CAMOUFLAGE,1.0,100.0,,1.0,5.0,-1.0,0.33,30,2.3333333333333335,0.47302726060136396,1.365883958414593,3.3007827082520738,0.9005959467823128,3.0578408088947194e-05,0.0004708157575782902
RQ2,credibility_p1_permanent,fake_repost_share_all,CREDIBILITY_CAMOUFLAGE,1.0,-1.0,,1.0,5.0,-1.0,0.33,30,-8.350000000000024e-05,0.00016925464560085514,-0.00042966461825153467,0.0002626646182515342,-0.09007105514361223,0.6254881608877798,1.0
RQ2,credibility_p1_permanent,fake_repost_share_final100,CREDIBILITY_CAMOUFLAGE,1.0,-1.0,,1.0,5.0,-1.0,0.33,30,-0.0002006666666666666,0.0001419453783025559,-0.0004909775619347941,8.964422860146095e-05,-0.2581031783423794,0.16809866568862905,1.0
RQ2,credibility_p1_permanent,target_share_all,CREDIBILITY_CAMOUFLAGE,1.0,-1.0,,1.0,5.0,-1.0,0.33,30,0.0004793333333333333,0.00013751211719510007,0.00019808947509348846,0.0007605771915731781,0.6364085933807068,0.0015825778911338659,0.020573512584740255
RQ2,credibility_p1_permanent,target_share_final100,CREDIBILITY_CAMOUFLAGE,1.0,-1.0,,1.0,5.0,-1.0,0.33,30,0.0001760000000000001,0.00015004183324705795,-0.00013087000491681495,0.00048287000491681515,0.21416065114360255,0.25033844529670723,1.0
RQ2,credibility_p1_permanent,cumulative_fake_reposts,CREDIBILITY_CAMOUFLAGE,1.0,-1.0,,1.0,5.0,-1.0,0.33,30,-16.7,33.85092912017114,-85.93292365030712,52.53292365030711,-0.09007105514361166,0.6254881608877818,1.0
RQ2,credibility_p1_permanent,target_unique_reposters_p400,CREDIBILITY_CAMOUFLAGE,1.0,-1.0,,1.0,5.0,-1.0,0.33,30,3.933333333333333,0.6863753427324668,2.529538136747899,5.337128529918767,1.046257180644565,3.3434387847235636e-06,5.683845934030058e-05
RQ2,credibility_p101_d25,fake_repost_share_all,CREDIBILITY_CAMOUFLAGE,101.0,125.0,,1.0,5.0,-1.0,0.33,30,2.8333333333336225e-05,3.00481733272841e-05,-3.3122081447566464e-05,8.978874811423891e-05,0.17215473330054343,0.35350622041621454,1.0
RQ2,credibility_p101_d25,fake_repost_share_final100,CREDIBILITY_CAMOUFLAGE,101.0,125.0,,1.0,5.0,-1.0,0.33,30,0.0,0.0,0.0,0.0,,,
RQ2,credibility_p101_d25,target_share_all,CREDIBILITY_CAMOUFLAGE,101.0,125.0,,1.0,5.0,-1.0,0.33,30,3.383333333333311e-05,2.0577416665566968e-05,-8.252209189599936e-06,7.591887585626616e-05,0.3001879870448323,0.1109344472056042,0.4214022699831157
RQ2,credibility_p101_d25,target_share_final100,CREDIBILITY_CAMOUFLAGE,101.0,125.0,,1.0,5.0,-1.0,0.33,30,0.0,0.0,0.0,0.0,,,
RQ2,credibility_p101_d25,cumulative_fake_reposts,CREDIBILITY_CAMOUFLAGE,101.0,125.0,,1.0,5.0,-1.0,0.33,30,5.666666666666667,6.00963466545684,-6.6244162895139125,17.957749622847246,0.1721547333005253,0.35350622041626445,1.0
RQ2,credibility_p101_d25,target_unique_reposters_p400,CREDIBILITY_CAMOUFLAGE,101.0,125.0,,1.0,5.0,-1.0,0.33,30,0.26666666666666666,0.11678975444487853,0.027804798978601497,0.5055285343547318,0.4168726082816913,0.029924999215564296,0.17954999529338578
RQ2,credibility_p101_d100,fake_repost_share_all,CREDIBILITY_CAMOUFLAGE,101.0,200.0,,1.0,5.0,-1.0,0.33,30,-3.549999999999803e-05,3.6640024280973406e-05,-0.00011043726374790682,3.9437263747910754e-05,-0.17689353990165854,0.3406139007433425,1.0
RQ2,credibility_p101_d100,fake_repost_share_final100,CREDIBILITY_CAMOUFLAGE,101.0,200.0,,1.0,5.0,-1.0,0.33,30,1.4000000000001511e-05,9.926164195306643e-06,-6.301285244915942e-06,3.430128524491896e-05,0.2575051703153989,0.16905430373308383,1.0
RQ2,credibility_p101_d100,target_share_all,CREDIBILITY_CAMOUFLAGE,101.0,200.0,,1.0,5.0,-1.0,0.33,30,8.716666666666646e-05,3.8990629093259335e-05,7.421876279730712e-06,0.00016691145705360222,0.40815918000598644,0.033242168753198555,0.22277893949072805
RQ2,credibility_p101_d100,target_share_final100,CREDIBILITY_CAMOUFLAGE,101.0,200.0,,1.0,5.0,-1.0,0.33,30,1.333333333333308e-06,4.060839993885357e-06,-6.972016994119008e-06,9.638683660785623e-06,0.059946279131071235,0.7450142227061889,1.0
RQ2,credibility_p101_d100,cumulative_fake_reposts,CREDIBILITY_CAMOUFLAGE,101.0,200.0,,1.0,5.0,-1.0,0.33,30,-7.1,7.328004856194747,-22.087452749581892,7.887452749581893,-0.17689353990166673,0.3406139007433206,1.0
RQ2,credibility_p101_d100,target_unique_reposters_p400,CREDIBILITY_CAMOUFLAGE,101.0,200.0,,1.0,5.0,-1.0,0.33,30,1.0333333333333334,0.28155289139225864,0.45749301402971654,1.6091736526369504,0.6700694533685917,0.0009718768698225745,0.010191434681336296
RQ2,credibility_p101_permanent,fake_repost_share_all,CREDIBILITY_CAMOUFLAGE,101.0,-1.0,,1.0,5.0,-1.0,0.33,30,-9.816666666666399e-05,5.906137628418729e-05,-0.00021896074414823726,2.2627410814909284e-05,-0.30345888244405766,0.1072637133123503,1.0
RQ2,credibility_p101_permanent,fake_repost_share_final100,CREDIBILITY_CAMOUFLAGE,101.0,-1.0,,1.0,5.0,-1.0,0.33,30,-0.00020533333333333192,0.00014305993706789313,-0.000497923757226226,8.725709055956214e-05,-0.26204797042752687,0.16190131283986897,1.0
RQ2,credibility_p101_permanent,target_share_all,CREDIBILITY_CAMOUFLAGE,101.0,-1.0,,1.0,5.0,-1.0,0.33,30,0.00021750000000000027,6.369591462746948e-05,8.722722732114566e-05,0.0003477727726788549,0.62342907942167,0.0019062217656146936,0.022874661187376324
RQ2,credibility_p101_permanent,target_share_final100,CREDIBILITY_CAMOUFLAGE,101.0,-1.0,,1.0,5.0,-1.0,0.33,30,0.000168,0.00015013434596747167,-0.0001390592146748795,0.00047505921467487944,0.20430010883009303,0.2723244226630829,1.0
RQ2,credibility_p101_permanent,cumulative_fake_reposts,CREDIBILITY_CAMOUFLAGE,101.0,-1.0,,1.0,5.0,-1.0,0.33,30,-19.633333333333333,11.81227525683748,-43.792148829648035,4.525482162981369,-0.3034588824440654,0.10726371331234189,1.0
RQ2,credibility_p101_permanent,target_unique_reposters_p400,CREDIBILITY_CAMOUFLAGE,101.0,-1.0,,1.0,5.0,-1.0,0.33,30,2.1,0.5557432633083768,0.9633774044661483,3.236622595533852,0.6898973241190114,0.0007270290807616127,0.008724348969139352
RQ2,credibility_p201_d25,fake_repost_share_all,CREDIBILITY_CAMOUFLAGE,201.0,225.0,,1.0,5.0,-1.0,0.33,30,3.499999999999337e-06,1.116272018099054e-05,-1.9330326200995448e-05,2.633032620099412e-05,0.05724497614038278,0.7561118465952785,1.0
RQ2,credibility_p201_d25,fake_repost_share_final100,CREDIBILITY_CAMOUFLAGE,201.0,225.0,,1.0,5.0,-1.0,0.33,30,-2.6666666666677146e-06,2.83384038735425e-06,-8.462521027957447e-06,3.129187694622018e-06,-0.17180378179834216,0.3544737695796202,1.0
RQ2,credibility_p201_d25,target_share_all,CREDIBILITY_CAMOUFLAGE,201.0,225.0,,1.0,5.0,-1.0,0.33,30,2.083333333333306e-05,1.1653728458016396e-05,-3.0012175503675086e-06,4.466788421703363e-05,0.32638729186684917,0.08428045399662314,0.4214022699831157
RQ2,credibility_p201_d25,target_share_final100,CREDIBILITY_CAMOUFLAGE,201.0,225.0,,1.0,5.0,-1.0,0.33,30,5.782411586589357e-20,9.589266029707709e-07,-1.9612251130253804e-06,1.9612251130254964e-06,1.100938366204574e-14,0.9999999999999523,1.0
RQ2,credibility_p201_d25,cumulative_fake_reposts,CREDIBILITY_CAMOUFLAGE,201.0,225.0,,1.0,5.0,-1.0,0.33,30,0.7,2.232544036197991,-3.8660652401987177,5.266065240198718,0.057244976140396614,0.7561118465952215,1.0
RQ2,credibility_p201_d25,target_unique_reposters_p400,CREDIBILITY_CAMOUFLAGE,201.0,225.0,,1.0,5.0,-1.0,0.33,30,0.3333333333333333,0.21081851067789203,-0.09783893381536124,0.7645056004820279,0.28867513459481275,0.12469296900611526,0.49877187602446105
RQ2,credibility_p201_d100,fake_repost_share_all,CREDIBILITY_CAMOUFLAGE,201.0,300.0,,1.0,5.0,-1.0,0.33,30,-4.449999999999963e-05,3.384493883961796e-05,-0.0001137206721509547,2.472067215095544e-05,-0.24005217761391012,0.1988736861726738,1.0
RQ2,credibility_p201_d100,fake_repost_share_final100,CREDIBILITY_CAMOUFLAGE,201.0,300.0,,1.0,5.0,-1.0,0.33,30,-0.0001259999999999988,5.536213071442812e-05,-0.00023922827078877256,-1.2771729211225058e-05,-0.415524964779246,0.030417666523556756,0.5475179974240216
RQ2,credibility_p201_d100,target_share_all,CREDIBILITY_CAMOUFLAGE,201.0,300.0,,1.0,5.0,-1.0,0.33,30,5.833333333333367e-05,3.291955828998421e-05,-8.99472308725739e-06,0.00012566138975392472,0.32352076982814826,0.08690322545105424,0.4214022699831157
RQ2,credibility_p201_d100,target_share_final100,CREDIBILITY_CAMOUFLAGE,201.0,300.0,,1.0,5.0,-1.0,0.33,30,-0.00011933333333333319,5.9356575584631713e-05,-0.00024073116117451226,2.0644945078458716e-06,-0.3670559826223803,0.05376498914584896,0.8064748371877344
RQ2,credibility_p201_d100,cumulative_fake_reposts,CREDIBILITY_CAMOUFLAGE,201.0,300.0,,1.0,5.0,-1.0,0.33,30,-8.9,6.768987767923565,-22.744134430190957,4.944134430190957,-0.2400521776139131,0.1988736861726683,1.0
RQ2,credibility_p201_d100,target_unique_reposters_p400,CREDIBILITY_CAMOUFLAGE,201.0,300.0,,1.0,5.0,-1.0,0.33,30,0.4,0.2737563309507785,-0.15989456278202252,0.9598945627820226,0.266768896559886,0.1547247495849232,0.49877187602446105
RQ2,credibility_p201_permanent,fake_repost_share_all,CREDIBILITY_CAMOUFLAGE,201.0,-1.0,,1.0,5.0,-1.0,0.33,30,-6.766666666666865e-05,4.886277602865091e-05,-0.00016760226459735676,3.226893126401948e-05,-0.25283431640468346,0.17666669360173295,1.0
RQ2,credibility_p201_permanent,fake_repost_share_final100,CREDIBILITY_CAMOUFLAGE,201.0,-1.0,,1.0,5.0,-1.0,0.33,30,-0.0002186666666666647,0.00014546930263001386,-0.0005161847964259418,7.885146309261244e-05,-0.2744420156977826,0.14360530329637858,1.0
RQ2,credibility_p201_permanent,target_share_all,CREDIBILITY_CAMOUFLAGE,201.0,-1.0,,1.0,5.0,-1.0,0.33,30,0.00013000000000000015,5.0109649883972026e-05,2.7514258700409003e-05,0.0002324857412995913,0.4736541606958811,0.014709877830719467,0.11767902264575573
RQ2,credibility_p201_permanent,target_share_final100,CREDIBILITY_CAMOUFLAGE,201.0,-1.0,,1.0,5.0,-1.0,0.33,30,0.00016733333333333338,0.00015080011382456558,-0.00014108752949765378,0.00047575419616432057,0.2025910082000383,0.27627264844307936,1.0
RQ2,credibility_p201_permanent,cumulative_fake_reposts,CREDIBILITY_CAMOUFLAGE,201.0,-1.0,,1.0,5.0,-1.0,0.33,30,-13.533333333333333,9.772555205730082,-33.520452919470756,6.453786252804088,-0.2528343164046787,0.1766666936017411,1.0
RQ2,credibility_p201_permanent,target_unique_reposters_p400,CREDIBILITY_CAMOUFLAGE,201.0,-1.0,,1.0,5.0,-1.0,0.33,30,1.0333333333333334,0.5107653336451485,-0.011299067211524294,2.077965733878191,0.3693672604660906,0.05236672951052843,0.26183364755264216
RQ2,informational_p1_d25,fake_repost_share_all,INFORMATIONAL_CAMOUFLAGE,1.0,25.0,,1.0,5.0,-1.0,0.33,30,-7.699999999999976e-05,9.078096666177226e-05,-0.00026266792395811706,0.00010866792395811754,-0.15485858794252202,0.403276003307101,1.0
RQ2,informational_p1_d25,fake_repost_share_final100,INFORMATIONAL_CAMOUFLAGE,1.0,25.0,,1.0,5.0,-1.0,0.33,30,-9.333333333331334e-06,1.079520256722555e-05,-3.141200161664808e-05,1.2745334949985417e-05,-0.1578502787556398,0.39436402179425145,1.0
RQ2,informational_p1_d25,target_share_all,INFORMATIONAL_CAMOUFLAGE,1.0,25.0,,1.0,5.0,-1.0,0.33,30,0.00015099999999999985,4.586110966069562e-05,5.72034991008467e-05,0.000244796500899153,0.6011346490536525,0.002616731279327886,0.02878404407260675
RQ2,informational_p1_d25,target_share_final100,INFORMATIONAL_CAMOUFLAGE,1.0,25.0,,1.0,5.0,-1.0,0.33,30,-1.7333333333333248e-05,1.358610965210157e-05,-4.5120047515076605e-05,1.045338084841011e-05,-0.23293049314167902,0.21214633996669224,1.0
RQ2,informational_p1_d25,cumulative_fake_reposts,INFORMATIONAL_CAMOUFLAGE,1.0,25.0,,1.0,5.0,-1.0,0.33,30,-15.4,18.15619333235464,-52.533584791623845,21.733584791623848,-0.1548585879425209,0.4032760033071043,1.0
RQ2,informational_p1_d25,target_unique_reposters_p400,INFORMATIONAL_CAMOUFLAGE,1.0,25.0,,1.0,5.0,-1.0,0.33,30,2.566666666666667,0.6959378577974537,1.1433139308169809,3.990019402516353,0.6733461496975006,0.0009264940619396633,0.010191434681336296
RQ2,informational_p1_d100,fake_repost_share_all,INFORMATIONAL_CAMOUFLAGE,1.0,100.0,,1.0,5.0,-1.0,0.33,30,-4.3333333333332263e-05,9.230706294608049e-05,-0.00023212247464886535,0.00014545580798220082,-0.08570902161055208,0.6422603060554852,1.0
RQ2,informational_p1_d100,fake_repost_share_final100,INFORMATIONAL_CAMOUFLAGE,1.0,100.0,,1.0,5.0,-1.0,0.33,30,-5.999999999996748e-06,1.1592704800765855e-05,-2.9709743491017165e-05,1.770974349102367e-05,-0.09449435087291876,0.6086863327660552,1.0
RQ2,informational_p1_d100,target_share_all,INFORMATIONAL_CAMOUFLAGE,1.0,100.0,,1.0,5.0,-1.0,0.33,30,0.0003496666666666667,7.319707822404117e-05,0.0001999618325653515,0.0004993715007679819,0.872167421559136,4.7125693357478366e-05,0.0007068854003621755
RQ2,informational_p1_d100,target_share_final100,INFORMATIONAL_CAMOUFLAGE,1.0,100.0,,1.0,5.0,-1.0,0.33,30,-1.1999999999999843e-05,1.3749817135670165e-05,-4.012153357977664e-05,1.6121533579776958e-05,-0.1593395903671305,0.3899745979363489,1.0
RQ2,informational_p1_d100,cumulative_fake_reposts,INFORMATIONAL_CAMOUFLAGE,1.0,100.0,,1.0,5.0,-1.0,0.33,30,-8.666666666666666,18.46141258921624,-46.42449492977357,29.091161596440244,-0.08570902161055352,0.6422603060554797,1.0
RQ2,informational_p1_d100,target_unique_reposters_p400,INFORMATIONAL_CAMOUFLAGE,1.0,100.0,,1.0,5.0,-1.0,0.33,30,3.466666666666667,0.7712258242762955,1.8893327500785602,5.044000583254773,0.8206725245775015,0.0001029450699516112,0.0014412309793225568
RQ2,informational_p1_permanent,fake_repost_share_all,INFORMATIONAL_CAMOUFLAGE,1.0,-1.0,,1.0,5.0,-1.0,0.33,30,-7.399999999999906e-05,8.66501089399796e-05,-0.00025121937129807324,0.00010321937129807515,-0.15592005500134234,0.4000995473493404,1.0
RQ2,informational_p1_permanent,fake_repost_share_final100,INFORMATIONAL_CAMOUFLAGE,1.0,-1.0,,1.0,5.0,-1.0,0.33,30,5.866666666666682e-05,0.00011306364125208405,-0.00017257444386955335,0.000289907777202887,0.09473442376088206,0.607780493750161,1.0
RQ2,informational_p1_permanent,target_share_all,INFORMATIONAL_CAMOUFLAGE,1.0,-1.0,,1.0,5.0,-1.0,0.33,30,0.0008690000000000001,0.00010759849804532213,0.0006489363623487496,0.0010890636376512505,1.474527715283111,6.607990735755333e-09,1.18943833243596e-07
RQ2,informational_p1_permanent,target_share_final100,INFORMATIONAL_CAMOUFLAGE,1.0,-1.0,,1.0,5.0,-1.0,0.33,30,0.0006880000000000001,0.00015228708521026685,0.0003765379392139736,0.0009994620607860266,0.8248305473906969,9.666483955177206e-05,0.001546637432828353
RQ2,informational_p1_permanent,cumulative_fake_reposts,INFORMATIONAL_CAMOUFLAGE,1.0,-1.0,,1.0,5.0,-1.0,0.33,30,-14.8,17.330021787995932,-50.24387425961487,20.643874259614865,-0.1559200550013442,0.40009954734933495,1.0
RQ2,informational_p1_permanent,target_unique_reposters_p400,INFORMATIONAL_CAMOUFLAGE,1.0,-1.0,,1.0,5.0,-1.0,0.33,30,5.9,0.9900075467029205,3.8752072195481113,7.92479278045189,1.088060086020806,1.7798314226006331e-06,3.20369656068114e-05
RQ2,informational_p101_d25,fake_repost_share_all,INFORMATIONAL_CAMOUFLAGE,101.0,125.0,,1.0,5.0,-1.0,0.33,30,-4.216666666666304e-05,2.8863216193663305e-05,-0.00010119857199322788,1.68652386599018e-05,-0.2667251211503702,0.15479010842939786,1.0
RQ2,informational_p101_d25,fake_repost_share_final100,INFORMATIONAL_CAMOUFLAGE,101.0,125.0,,1.0,5.0,-1.0,0.33,30,1.3333333333337417e-06,1.3333333333337417e-06,-1.3936395228440307e-06,4.060306189511514e-06,0.18257418583505536,0.32558198801619365,1.0
RQ2,informational_p101_d25,target_share_all,INFORMATIONAL_CAMOUFLAGE,101.0,125.0,,1.0,5.0,-1.0,0.33,30,2.7666666666666637e-05,1.834022858838816e-05,-9.84331248579445e-06,6.517664581912772e-05,0.27541745824447517,0.14223910565151474,0.4214022699831157
RQ2,informational_p101_d25,target_share_final100,INFORMATIONAL_CAMOUFLAGE,101.0,125.0,,1.0,5.0,-1.0,0.33,30,0.0,0.0,0.0,0.0,,,
RQ2,informational_p101_d25,cumulative_fake_reposts,INFORMATIONAL_CAMOUFLAGE,101.0,125.0,,1.0,5.0,-1.0,0.33,30,-8.433333333333334,5.772643238732654,-20.239714398646285,3.3730477319796197,-0.26672512115039354,0.154790108429363,1.0
RQ2,informational_p101_d25,target_unique_reposters_p400,INFORMATIONAL_CAMOUFLAGE,101.0,125.0,,1.0,5.0,-1.0,0.33,30,-0.06666666666666667,0.11678975444487853,-0.3055285343547318,0.17219520102139851,-0.10421815207042283,0.5725145639415323,0.5725145639415323
RQ2,informational_p101_d100,fake_repost_share_all,INFORMATIONAL_CAMOUFLAGE,101.0,200.0,,1.0,5.0,-1.0,0.33,30,-0.00013250000000000113,7.821527542842723e-05,-0.0002924681997737941,2.7468199773791885e-05,-0.3092884285152415,0.1009726829219527,1.0
RQ2,informational_p101_d100,fake_repost_share_final100,INFORMATIONAL_CAMOUFLAGE,101.0,200.0,,1.0,5.0,-1.0,0.33,30,1.599999999999958e-05,8.809608129894112e-06,-2.0176716828331066e-06,3.401767168283226e-05,0.33159102315211847,0.07969133055869021,1.0
RQ2,informational_p101_d100,target_share_all,INFORMATIONAL_CAMOUFLAGE,101.0,200.0,,1.0,5.0,-1.0,0.33,30,0.0001335000000000003,4.6813490294606544e-05,3.775566199777938e-05,0.00022924433800222119,0.5206544877468381,0.007932360169204664,0.07932360169204664
RQ2,informational_p101_d100,target_share_final100,INFORMATIONAL_CAMOUFLAGE,101.0,200.0,,1.0,5.0,-1.0,0.33,30,6.666666666666626e-06,3.9923298107755995e-06,-1.4985646035016756e-06,1.4831897936834928e-05,0.3048749218101049,0.10570626513828753,1.0
RQ2,informational_p101_d100,cumulative_fake_reposts,INFORMATIONAL_CAMOUFLAGE,101.0,200.0,,1.0,5.0,-1.0,0.33,30,-26.5,15.643055085685567,-58.49363995475885,5.4936399547588515,-0.3092884285152365,0.10097268292195791,1.0
RQ2,informational_p101_d100,target_unique_reposters_p400,INFORMATIONAL_CAMOUFLAGE,101.0,200.0,,1.0,5.0,-1.0,0.33,30,0.9333333333333333,0.2991687077700678,0.32146462420345434,1.5452020424632122,0.5695868886695798,0.0040697030368450965,0.03255762429476077
RQ2,informational_p101_permanent,fake_repost_share_all,INFORMATIONAL_CAMOUFLAGE,101.0,-1.0,,1.0,5.0,-1.0,0.33,30,-7.116666666666244e-05,8.84043360268737e-05,-0.0002519738352018846,0.00010964050186855969,-0.14697464863387374,0.4273631071745874,1.0
RQ2,informational_p101_permanent,fake_repost_share_final100,INFORMATIONAL_CAMOUFLAGE,101.0,-1.0,,1.0,5.0,-1.0,0.33,30,6.46666666666682e-05,0.00010832765679203787,-0.00015688826806718568,0.00028622160140052207,0.10898845564433587,0.5551702193354978,1.0
RQ2,informational_p101_permanent,target_share_all,INFORMATIONAL_CAMOUFLAGE,101.0,-1.0,,1.0,5.0,-1.0,0.33,30,0.0005131666666666669,6.598523142555103e-05,0.0003782117154121435,0.0006481216179211902,1.419878120304305,1.4131636589189107e-08,2.4023782201621483e-07
RQ2,informational_p101_permanent,target_share_final100,INFORMATIONAL_CAMOUFLAGE,101.0,-1.0,,1.0,5.0,-1.0,0.33,30,0.0007006666666666668,0.00014905521104173884,0.0003958145307297568,0.0010055188026035769,0.8582299492542216,5.824386552377398e-05,0.0010483895794279317
RQ2,informational_p101_permanent,cumulative_fake_reposts,INFORMATIONAL_CAMOUFLAGE,101.0,-1.0,,1.0,5.0,-1.0,0.33,30,-14.233333333333333,17.680867205374845,-50.39476704037797,21.928100373711302,-0.1469746486338816,0.42736310717456316,1.0
RQ2,informational_p101_permanent,target_unique_reposters_p400,INFORMATIONAL_CAMOUFLAGE,101.0,-1.0,,1.0,5.0,-1.0,0.33,30,3.0,0.6064784348631227,1.7596123277036937,4.240387672296306,0.9031195934094222,2.942598484864314e-05,0.0004708157575782902
RQ2,informational_p201_d25,fake_repost_share_all,INFORMATIONAL_CAMOUFLAGE,201.0,225.0,,1.0,5.0,-1.0,0.33,30,8.000000000001524e-06,1.4571661996263246e-05,-2.1802395049894658e-05,3.780239504989771e-05,0.10023520220653453,0.5872007636115835,1.0
RQ2,informational_p201_d25,fake_repost_share_final100,INFORMATIONAL_CAMOUFLAGE,201.0,225.0,,1.0,5.0,-1.0,0.33,30,2.6666666666654014e-06,6.120125709274274e-06,-9.850395847520777e-06,1.5183729180851581e-05,0.0795513881066422,0.6662654390937295,1.0
RQ2,informational_p201_d25,target_share_all,INFORMATIONAL_CAMOUFLAGE,201.0,225.0,,1.0,5.0,-1.0,0.33,30,3.8333333333333504e-05,1.6996168150520432e-05,3.5722664292173577e-06,7.309440023744966e-05,0.41177970597230473,0.03182556278438972,0.22277893949072805
RQ2,informational_p201_d25,target_share_final100,INFORMATIONAL_CAMOUFLAGE,201.0,225.0,,1.0,5.0,-1.0,0.33,30,1.3333333333334524e-06,1.6423513654705552e-06,-2.0256523621240473e-06,4.6923190287909525e-06,0.14822178304722816,0.42349508849331935,1.0
RQ2,informational_p201_d25,cumulative_fake_reposts,INFORMATIONAL_CAMOUFLAGE,201.0,225.0,,1.0,5.0,-1.0,0.33,30,1.6,2.914332399252586,-4.360479009979109,7.560479009979108,0.10023520220651763,0.5872007636116463,1.0
RQ2,informational_p201_d25,target_unique_reposters_p400,INFORMATIONAL_CAMOUFLAGE,201.0,225.0,,1.0,5.0,-1.0,0.33,30,0.43333333333333335,0.30581841706241203,-0.19213555835281326,1.05880222501948,0.25870083721078824,0.1671478547678335,0.49877187602446105
RQ2,informational_p201_d100,fake_repost_share_all,INFORMATIONAL_CAMOUFLAGE,201.0,300.0,,1.0,5.0,-1.0,0.33,30,3.18333333333351e-05,3.325319389494111e-05,-3.617708451618469e-05,9.984375118285489e-05,0.17477854711074145,0.3463282792136897,1.0
RQ2,informational_p201_d100,fake_repost_share_final100,INFORMATIONAL_CAMOUFLAGE,201.0,300.0,,1.0,5.0,-1.0,0.33,30,-8.133333333333233e-05,4.9241915920533636e-05,-0.00018204435940941398,1.9377692742749328e-05,-0.30155949127869347,0.10938276963256781,1.0
RQ2,informational_p201_d100,target_share_all,INFORMATIONAL_CAMOUFLAGE,201.0,300.0,,1.0,5.0,-1.0,0.33,30,0.00019316666666666684,4.358864882642514e-05,0.0001040178700263493,0.0002823154633069844,0.8090924551842921,0.00012264864884740663,0.0017170810838636928
RQ2,informational_p201_d100,target_share_final100,INFORMATIONAL_CAMOUFLAGE,201.0,300.0,,1.0,5.0,-1.0,0.33,30,-7.33333333333333e-05,6.210360889310618e-05,-0.00020034947512493023,5.368280845826361e-05,-0.21558769074030862,0.24726766951835602,1.0
RQ2,informational_p201_d100,cumulative_fake_reposts,INFORMATIONAL_CAMOUFLAGE,201.0,300.0,,1.0,5.0,-1.0,0.33,30,6.366666666666666,6.650638778988254,-7.235416903237357,19.96875023657069,0.1747785471107309,0.34632827921371834,1.0
RQ2,informational_p201_d100,target_unique_reposters_p400,INFORMATIONAL_CAMOUFLAGE,201.0,300.0,,1.0,5.0,-1.0,0.33,30,1.2333333333333334,0.42799541659736556,0.3579844206114663,2.1086822460552006,0.5261150481160417,0.007371625534814014,0.0516013787436981
RQ2,informational_p201_permanent,fake_repost_share_all,INFORMATIONAL_CAMOUFLAGE,201.0,-1.0,,1.0,5.0,-1.0,0.33,30,6.333333333333377e-05,4.411735481835432e-05,-2.6896788473650528e-05,0.00015356345514031807,0.2620971229386348,0.16182525310300006,1.0
RQ2,informational_p201_permanent,fake_repost_share_final100,INFORMATIONAL_CAMOUFLAGE,201.0,-1.0,,1.0,5.0,-1.0,0.33,30,4.466666666666832e-05,0.00011062906160693314,-0.0001815951694131563,0.0002709285027464929,0.07371462961158934,0.6893572367572187,1.0
RQ2,informational_p201_permanent,target_share_all,INFORMATIONAL_CAMOUFLAGE,201.0,-1.0,,1.0,5.0,-1.0,0.33,30,0.0003843333333333336,5.301091480178967e-05,0.0002759138390241421,0.0004927528276425251,1.323677315982432,5.5340175298923635e-08,8.854428047827782e-07
RQ2,informational_p201_permanent,target_share_final100,INFORMATIONAL_CAMOUFLAGE,201.0,-1.0,,1.0,5.0,-1.0,0.33,30,0.0006913333333333337,0.00014955469021058707,0.00038545964779466746,0.000997207018872,0.8439696561588221,7.232272918138325e-05,0.0012294863960835153
RQ2,informational_p201_permanent,cumulative_fake_reposts,INFORMATIONAL_CAMOUFLAGE,201.0,-1.0,,1.0,5.0,-1.0,0.33,30,12.666666666666666,8.82347096367089,-5.379357694730244,30.712691028063574,0.26209712293863224,0.16182525310300405,1.0
RQ2,informational_p201_permanent,target_unique_reposters_p400,INFORMATIONAL_CAMOUFLAGE,201.0,-1.0,,1.0,5.0,-1.0,0.33,30,2.2666666666666666,0.5732210528922741,1.0942979777968695,3.439035355536464,0.7219463052483137,0.0004529051084395617,0.005887766409714302
RQ3,credibility_reach14_7_wom0,fake_repost_share_all,CREDIBILITY_CAMOUFLAGE,1.0,-1.0,14.7,0.0,5.0,-1.0,0.33,30,0.0031339999999999975,0.00019918099549283693,0.002726629123868547,0.003541370876131448,2.872701268468359,9.72674725341876e-16,1.8480819781495644e-14
RQ3,credibility_reach14_7_wom0,fake_repost_share_final100,CREDIBILITY_CAMOUFLAGE,1.0,-1.0,14.7,0.0,5.0,-1.0,0.33,30,0.002562000000000002,0.0002443012084697296,0.0020623479268288706,0.003061652073171134,1.9146653716507096,2.219388705516433e-11,4.2168385404812227e-10
RQ3,credibility_reach14_7_wom0,target_share_all,CREDIBILITY_CAMOUFLAGE,1.0,-1.0,14.7,0.0,5.0,-1.0,0.33,30,0.005980166666666666,0.0003849323334574483,0.005192891648064183,0.006767441685269149,2.83640516897575,1.3541638544597537e-15,2.5729113234735322e-14
RQ3,credibility_reach14_7_wom0,target_share_final100,CREDIBILITY_CAMOUFLAGE,1.0,-1.0,14.7,0.0,5.0,-1.0,0.33,30,0.004654666666666666,0.00043541702386830193,0.0037641388627620126,0.0055451944705713204,1.9517426522516454,1.4214806451563737e-11,2.70081322579711e-10
RQ3,credibility_reach14_7_wom0,cumulative_fake_reposts,CREDIBILITY_CAMOUFLAGE,1.0,-1.0,14.7,0.0,5.0,-1.0,0.33,30,626.8,39.83619909856725,545.3258247737101,708.2741752262898,2.872701268468371,9.726747253417679e-16,1.848081978149359e-14
RQ3,credibility_reach14_7_wom0,target_unique_reposters_p400,CREDIBILITY_CAMOUFLAGE,1.0,-1.0,14.7,0.0,5.0,-1.0,0.33,30,0.0,0.0,0.0,0.0,,,
RQ3,credibility_reach14_7_wom1,fake_repost_share_all,CREDIBILITY_CAMOUFLAGE,1.0,-1.0,14.7,1.0,5.0,-1.0,0.33,30,9.733333333333423e-05,3.634661783924963e-05,2.2996153137231582e-05,0.00017167051352943687,0.4889190561427056,0.012069613445847784,0.10862652101263005
RQ3,credibility_reach14_7_wom1,fake_repost_share_final100,CREDIBILITY_CAMOUFLAGE,1.0,-1.0,14.7,1.0,5.0,-1.0,0.33,30,0.00016200000000000033,7.810014202232917e-05,2.2672744811587733e-06,0.00032173272551884187,0.378706329328093,0.047037578416805,0.47037578416805
RQ3,credibility_reach14_7_wom1,target_share_all,CREDIBILITY_CAMOUFLAGE,1.0,-1.0,14.7,1.0,5.0,-1.0,0.33,30,0.0003285,4.704800067820197e-05,0.00023227603440986185,0.0004247239655901382,1.2747751058973964,1.1216506505935396e-07,1.4581458457716015e-06
RQ3,credibility_reach14_7_wom1,target_share_final100,CREDIBILITY_CAMOUFLAGE,1.0,-1.0,14.7,1.0,5.0,-1.0,0.33,30,0.00046333333333333334,0.00014178203551180145,0.0001733565115826855,0.0007533101550839811,0.5966391002796293,0.002788081140235192,0.03066889254258711
RQ3,credibility_reach14_7_wom1,cumulative_fake_reposts,CREDIBILITY_CAMOUFLAGE,1.0,-1.0,14.7,1.0,5.0,-1.0,0.33,30,19.466666666666665,7.2693235678500105,4.599230627445964,34.33410270588737,0.4889190561426953,0.012069613445849434,0.1086265210126449
RQ3,credibility_reach14_7_wom1,target_unique_reposters_p400,CREDIBILITY_CAMOUFLAGE,1.0,-1.0,14.7,1.0,5.0,-1.0,0.33,30,16.0,1.9499484225421742,12.011907685586841,19.98809231441316,1.4980842260189093,4.778649973830233e-09,9.557299947660466e-08
RQ3,credibility_reach10_0_wom0,fake_repost_share_all,CREDIBILITY_CAMOUFLAGE,1.0,-1.0,10.0,0.0,5.0,-1.0,0.33,30,0.0021091666666666646,0.00020964037122902208,0.0016804039652413647,0.0025379293680919644,1.8368570170886744,5.749803402274299e-11,9.199685443638879e-10
RQ3,credibility_reach10_0_wom0,fake_repost_share_final100,CREDIBILITY_CAMOUFLAGE,1.0,-1.0,10.0,0.0,5.0,-1.0,0.33,30,0.0016339999999999994,0.0002183830863729895,0.001187356438409535,0.002080643561590464,1.3660683371099136,3.019958860127769e-08,5.133930062217208e-07
RQ3,credibility_reach10_0_wom0,target_share_all,CREDIBILITY_CAMOUFLAGE,1.0,-1.0,10.0,0.0,5.0,-1.0,0.33,30,0.0038398333333333327,0.00036941624370229203,0.0030842922814280863,0.004595374385238579,1.8977358373569817,2.7247806293082214e-11,4.359649006893154e-10
RQ3,credibility_reach10_0_wom0,target_share_final100,CREDIBILITY_CAMOUFLAGE,1.0,-1.0,10.0,0.0,5.0,-1.0,0.33,30,0.002910666666666667,0.00038572783369342657,0.0021217646674012375,0.0036995686659320962,1.3776879718933215,2.5608864901997383e-08,4.353507033339555e-07
RQ3,credibility_reach10_0_wom0,cumulative_fake_reposts,CREDIBILITY_CAMOUFLAGE,1.0,-1.0,10.0,0.0,5.0,-1.0,0.33,30,421.8333333333333,41.928074245804396,336.0807930482734,507.58587361839324,1.836857017088677,5.749803402274115e-11,9.199685443638584e-10
RQ3,credibility_reach10_0_wom0,target_unique_reposters_p400,CREDIBILITY_CAMOUFLAGE,1.0,-1.0,10.0,0.0,5.0,-1.0,0.33,30,0.0,0.0,0.0,0.0,,,
RQ3,credibility_reach10_0_wom1,fake_repost_share_all,CREDIBILITY_CAMOUFLAGE,1.0,-1.0,10.0,1.0,5.0,-1.0,0.33,30,8.950000000000116e-05,2.560683053630307e-05,3.712815114608526e-05,0.00014187184885391707,0.6381262065631952,0.0015439548196292386,0.016983503015921626
RQ3,credibility_reach10_0_wom1,fake_repost_share_final100,CREDIBILITY_CAMOUFLAGE,1.0,-1.0,10.0,1.0,5.0,-1.0,0.33,30,6.666666666666626e-05,6.138129059615044e-05,-5.887216833294195e-05,0.00019220550166627447,0.19829515265628783,0.286377447294883,1.0
RQ3,credibility_reach10_0_wom1,target_share_all,CREDIBILITY_CAMOUFLAGE,1.0,-1.0,10.0,1.0,5.0,-1.0,0.33,30,0.00023316666666666665,3.0018656395661115e-05,0.0001717716207892641,0.0002945617125440692,1.4181252408316811,1.4483132436373638e-08,2.172469865456046e-07
RQ3,credibility_reach10_0_wom1,target_share_final100,CREDIBILITY_CAMOUFLAGE,1.0,-1.0,10.0,1.0,5.0,-1.0,0.33,30,0.00031066666666666666,7.515032189702219e-05,0.00015696700070706254,0.0004643663326262708,0.7547501101922054,0.000277769612639326,0.0038887745769505644
RQ3,credibility_reach10_0_wom1,cumulative_fake_reposts,CREDIBILITY_CAMOUFLAGE,1.0,-1.0,10.0,1.0,5.0,-1.0,0.33,30,17.9,5.12136610726061,7.425630229216827,28.37436977078317,0.6381262065631874,0.0015439548196294116,0.016983503015923527
RQ3,credibility_reach10_0_wom1,target_unique_reposters_p400,CREDIBILITY_CAMOUFLAGE,1.0,-1.0,10.0,1.0,5.0,-1.0,0.33,30,10.233333333333333,1.3353576586923641,7.502220266926784,12.964446399739881,1.3991326515037346,1.89144350829345e-08,3.5937426657575554e-07
RQ3,credibility_reach5_0_wom0,fake_repost_share_all,CREDIBILITY_CAMOUFLAGE,1.0,-1.0,5.0,0.0,5.0,-1.0,0.33,30,0.0010905000000000036,0.00017520486366785973,0.0007321658193806778,0.0014488341806193294,1.1363677096919067,8.627948752086329e-07,1.2941923128129493e-05
RQ3,credibility_reach5_0_wom0,fake_repost_share_final100,CREDIBILITY_CAMOUFLAGE,1.0,-1.0,5.0,0.0,5.0,-1.0,0.33,30,0.0007606666666666655,0.00021864469331705504,0.00031348805879961037,0.0012078452745337206,0.6351770777127703,0.0016108443132052713,0.02416266469807907
RQ3,credibility_reach5_0_wom0,target_share_all,CREDIBILITY_CAMOUFLAGE,1.0,-1.0,5.0,0.0,5.0,-1.0,0.33,30,0.0021318333333333332,0.00030549182912614087,0.0015070323889752111,0.0027566342776914553,1.2740692158043065,1.1332142454314543e-07,1.4581458457716015e-06
RQ3,credibility_reach5_0_wom0,target_share_final100,CREDIBILITY_CAMOUFLAGE,1.0,-1.0,5.0,0.0,5.0,-1.0,0.33,30,0.0015360000000000003,0.0003915690805306086,0.0007351513095561522,0.0023368486904438482,0.7161800136584683,0.0004933306735746899,0.006413298756470969
RQ3,credibility_reach5_0_wom0,cumulative_fake_reposts,CREDIBILITY_CAMOUFLAGE,1.0,-1.0,5.0,0.0,5.0,-1.0,0.33,30,218.1,35.04097273357208,146.43316387613456,289.76683612386546,1.1363677096918985,8.62794875208743e-07,1.2941923128131145e-05
RQ3,credibility_reach5_0_wom0,target_unique_reposters_p400,CREDIBILITY_CAMOUFLAGE,1.0,-1.0,5.0,0.0,5.0,-1.0,0.33,30,0.0,0.0,0.0,0.0,,,
RQ3,credibility_reach5_0_wom1,fake_repost_share_all,CREDIBILITY_CAMOUFLAGE,1.0,-1.0,5.0,1.0,5.0,-1.0,0.33,30,4.666666666666477e-05,1.970520284486011e-05,6.365001704119204e-06,8.696833162921032e-05,0.43237964812550106,0.024753786850091615,0.1799569620960375
RQ3,credibility_reach5_0_wom1,fake_repost_share_final100,CREDIBILITY_CAMOUFLAGE,1.0,-1.0,5.0,1.0,5.0,-1.0,0.33,30,2.6666666666666738e-05,4.4228594623563256e-05,-6.379096608731592e-05,0.0001171242994206494,0.1100791240833971,0.5512429137811347,1.0
RQ3,credibility_reach5_0_wom1,target_share_all,CREDIBILITY_CAMOUFLAGE,1.0,-1.0,5.0,1.0,5.0,-1.0,0.33,30,0.000125,2.654534182137787e-05,7.070868004637306e-05,0.00017929131995362695,0.8597279847797162,5.693335413727809e-05,0.0005693335413727809
RQ3,credibility_reach5_0_wom1,target_share_final100,CREDIBILITY_CAMOUFLAGE,1.0,-1.0,5.0,1.0,5.0,-1.0,0.33,30,0.00014266666666666667,5.151259935899474e-05,3.7311571514344566e-05,0.00024802176181898877,0.5056481489303787,0.009687193756130169,0.07749755004904135
RQ3,credibility_reach5_0_wom1,cumulative_fake_reposts,CREDIBILITY_CAMOUFLAGE,1.0,-1.0,5.0,1.0,5.0,-1.0,0.33,30,9.333333333333334,3.9410405689720487,1.2730003408241668,17.393666325842503,0.43237964812551577,0.024753786850087143,0.17995696209604334
RQ3,credibility_reach5_0_wom1,target_unique_reposters_p400,CREDIBILITY_CAMOUFLAGE,1.0,-1.0,5.0,1.0,5.0,-1.0,0.33,30,5.666666666666667,1.135967189640043,3.3433528979246696,7.989980435408665,0.9107543444042131,2.6197060972736534e-05,0.00041915297556378454
RQ3,credibility_reach1_0_wom0,fake_repost_share_all,CREDIBILITY_CAMOUFLAGE,1.0,-1.0,1.0,0.0,5.0,-1.0,0.33,30,0.00029299999999999883,8.246057922690625e-05,0.00012434917905769797,0.0004616508209422997,0.6487249659315546,0.0013250641585923707,0.015900769903108448
RQ3,credibility_reach1_0_wom0,fake_repost_share_final100,CREDIBILITY_CAMOUFLAGE,1.0,-1.0,1.0,0.0,5.0,-1.0,0.33,30,0.00023133333333333477,8.174917249162307e-05,6.413750253364791e-05,0.00039852916413302163,0.5166473702736378,0.00836914671283521,0.10042976055402253
RQ3,credibility_reach1_0_wom0,target_share_all,CREDIBILITY_CAMOUFLAGE,1.0,-1.0,1.0,0.0,5.0,-1.0,0.33,30,0.0004958333333333334,0.00014962387389667048,0.00018981815126913732,0.0008018485153975294,0.6050262219900283,0.0024766171422947836,0.01981293713835827
RQ3,credibility_reach1_0_wom0,target_share_final100,CREDIBILITY_CAMOUFLAGE,1.0,-1.0,1.0,0.0,5.0,-1.0,0.33,30,0.00035866666666666675,0.00014956775524812053,5.2766260125961504e-05,0.000664567073207372,0.43781679108714666,0.0231427715529665,0.138856629317799
RQ3,credibility_reach1_0_wom0,cumulative_fake_reposts,CREDIBILITY_CAMOUFLAGE,1.0,-1.0,1.0,0.0,5.0,-1.0,0.33,30,58.6,16.492115845381125,24.869835811540085,92.33016418845992,0.6487249659315619,0.0013250641585922304,0.015900769903106765
RQ3,credibility_reach1_0_wom0,target_unique_reposters_p400,CREDIBILITY_CAMOUFLAGE,1.0,-1.0,1.0,0.0,5.0,-1.0,0.33,30,0.0,0.0,0.0,0.0,,,
RQ3,credibility_reach1_0_wom1,fake_repost_share_all,CREDIBILITY_CAMOUFLAGE,1.0,-1.0,1.0,1.0,5.0,-1.0,0.33,30,1.4999999999997886e-05,1.1707645600941274e-05,-8.944823822631752e-06,3.8944823822627526e-05,0.23391661149234522,0.21026929624152518,1.0
RQ3,credibility_reach1_0_wom1,fake_repost_share_final100,CREDIBILITY_CAMOUFLAGE,1.0,-1.0,1.0,1.0,5.0,-1.0,0.33,30,4.466666666666624e-05,2.8132418136228022e-05,-1.2870588810418964e-05,0.00010220392214375144,0.28987839797996867,0.12319233736016609,0.9855386988813287
RQ3,credibility_reach1_0_wom1,target_share_all,CREDIBILITY_CAMOUFLAGE,1.0,-1.0,1.0,1.0,5.0,-1.0,0.33,30,2.3000000000000014e-05,1.3547702014919633e-05,-4.708161743694565e-06,5.070816174369459e-05,0.3099570886325836,0.10027126219071301,0.501356310953565
RQ3,credibility_reach1_0_wom1,target_share_final100,CREDIBILITY_CAMOUFLAGE,1.0,-1.0,1.0,1.0,5.0,-1.0,0.33,30,2.666666666666668e-05,1.7055240427904845e-05,-8.215216610184354e-06,6.154854994351771e-05,0.285463284799883,0.12877213549432034,0.6438606774716017
RQ3,credibility_reach1_0_wom1,cumulative_fake_reposts,CREDIBILITY_CAMOUFLAGE,1.0,-1.0,1.0,1.0,5.0,-1.0,0.33,30,3.0,2.3415291201882704,-1.788964764525959,7.788964764525959,0.23391661149237664,0.21026929624146556,1.0
RQ3,credibility_reach1_0_wom1,target_unique_reposters_p400,CREDIBILITY_CAMOUFLAGE,1.0,-1.0,1.0,1.0,5.0,-1.0,0.33,30,1.2333333333333334,0.5564322584444111,0.09530158452397863,2.371365082142688,0.40467608730320187,0.034658315295688205,0.45055809884394665
RQ3,credibility_reach0_0_wom0,fake_repost_share_all,CREDIBILITY_CAMOUFLAGE,1.0,-1.0,0.0,0.0,5.0,-1.0,0.33,30,0.0,0.0,0.0,0.0,,,
RQ3,credibility_reach0_0_wom0,fake_repost_share_final100,CREDIBILITY_CAMOUFLAGE,1.0,-1.0,0.0,0.0,5.0,-1.0,0.33,30,0.0,0.0,0.0,0.0,,,
RQ3,credibility_reach0_0_wom0,target_share_all,CREDIBILITY_CAMOUFLAGE,1.0,-1.0,0.0,0.0,5.0,-1.0,0.33,30,0.0,0.0,0.0,0.0,,,
RQ3,credibility_reach0_0_wom0,target_share_final100,CREDIBILITY_CAMOUFLAGE,1.0,-1.0,0.0,0.0,5.0,-1.0,0.33,30,0.0,0.0,0.0,0.0,,,
RQ3,credibility_reach0_0_wom0,cumulative_fake_reposts,CREDIBILITY_CAMOUFLAGE,1.0,-1.0,0.0,0.0,5.0,-1.0,0.33,30,0.0,0.0,0.0,0.0,,,
RQ3,credibility_reach0_0_wom0,target_unique_reposters_p400,CREDIBILITY_CAMOUFLAGE,1.0,-1.0,0.0,0.0,5.0,-1.0,0.33,30,0.0,0.0,0.0,0.0,,,
RQ3,credibility_reach0_0_wom1,fake_repost_share_all,CREDIBILITY_CAMOUFLAGE,1.0,-1.0,0.0,1.0,5.0,-1.0,0.33,30,0.0,0.0,0.0,0.0,,,
RQ3,credibility_reach0_0_wom1,fake_repost_share_final100,CREDIBILITY_CAMOUFLAGE,1.0,-1.0,0.0,1.0,5.0,-1.0,0.33,30,0.0,0.0,0.0,0.0,,,
RQ3,credibility_reach0_0_wom1,target_share_all,CREDIBILITY_CAMOUFLAGE,1.0,-1.0,0.0,1.0,5.0,-1.0,0.33,30,0.0,0.0,0.0,0.0,,,
RQ3,credibility_reach0_0_wom1,target_share_final100,CREDIBILITY_CAMOUFLAGE,1.0,-1.0,0.0,1.0,5.0,-1.0,0.33,30,0.0,0.0,0.0,0.0,,,
RQ3,credibility_reach0_0_wom1,cumulative_fake_reposts,CREDIBILITY_CAMOUFLAGE,1.0,-1.0,0.0,1.0,5.0,-1.0,0.33,30,0.0,0.0,0.0,0.0,,,
RQ3,credibility_reach0_0_wom1,target_unique_reposters_p400,CREDIBILITY_CAMOUFLAGE,1.0,-1.0,0.0,1.0,5.0,-1.0,0.33,30,0.0,0.0,0.0,0.0,,,
RQ3,informational_reach14_7_wom0,fake_repost_share_all,INFORMATIONAL_CAMOUFLAGE,1.0,-1.0,14.7,0.0,5.0,-1.0,0.33,30,0.005102833333333335,0.00023646348936097133,0.004619211195610145,0.005586455471056525,3.9399132771111214,2.0711906349260376e-19,4.142381269852075e-18
RQ3,informational_reach14_7_wom0,fake_repost_share_final100,INFORMATIONAL_CAMOUFLAGE,1.0,-1.0,14.7,0.0,5.0,-1.0,0.33,30,0.0050640000000000025,0.0002904588522107498,0.004469944945638735,0.00565805505436127,3.183086588794636,6.539155478314191e-17,1.3078310956628382e-15
RQ3,informational_reach14_7_wom0,target_share_all,INFORMATIONAL_CAMOUFLAGE,1.0,-1.0,14.7,0.0,5.0,-1.0,0.33,30,0.009552666666666664,0.0004958945089277298,0.008538448517636832,0.010566884815696497,3.5170188574814687,4.527401166902162e-18,9.054802333804324e-17
RQ3,informational_reach14_7_wom0,target_share_final100,INFORMATIONAL_CAMOUFLAGE,1.0,-1.0,14.7,0.0,5.0,-1.0,0.33,30,0.009072666666666666,0.0005416887033536846,0.007964788873759282,0.01018054445957405,3.05790894246871,1.8906957664853853e-16,3.781391532970771e-15
RQ3,informational_reach14_7_wom0,cumulative_fake_reposts,INFORMATIONAL_CAMOUFLAGE,1.0,-1.0,14.7,0.0,5.0,-1.0,0.33,30,1020.5666666666667,47.2926978721943,923.8422391220287,1117.2910942113047,3.9399132771111174,2.0711906349260966e-19,4.142381269852193e-18
RQ3,informational_reach14_7_wom0,target_unique_reposters_p400,INFORMATIONAL_CAMOUFLAGE,1.0,-1.0,14.7,0.0,5.0,-1.0,0.33,30,0.0,0.0,0.0,0.0,,,
RQ3,informational_reach14_7_wom1,fake_repost_share_all,INFORMATIONAL_CAMOUFLAGE,1.0,-1.0,14.7,1.0,5.0,-1.0,0.33,30,0.00019150000000000094,3.9704475847174745e-05,0.00011029522907201719,0.00027270477092798467,0.8805797291466105,4.1466431312156305e-05,0.000539063607058032
RQ3,informational_reach14_7_wom1,fake_repost_share_final100,INFORMATIONAL_CAMOUFLAGE,1.0,-1.0,14.7,1.0,5.0,-1.0,0.33,30,0.00023066666666666838,9.843713593863201e-05,2.9340118358331803e-05,0.00043199321497500496,0.42782409772880625,0.026181556286336505,0.28799711914970155
RQ3,informational_reach14_7_wom1,target_share_all,INFORMATIONAL_CAMOUFLAGE,1.0,-1.0,14.7,1.0,5.0,-1.0,0.33,30,0.000505,7.143842296595069e-05,0.00035889201976282406,0.000651107980237176,1.2906214893720112,8.913545811480292e-08,1.2478964136072408e-06
RQ3,informational_reach14_7_wom1,target_share_final100,INFORMATIONAL_CAMOUFLAGE,1.0,-1.0,14.7,1.0,5.0,-1.0,0.33,30,0.0005993333333333332,0.00012669624579014966,0.0003402104158963885,0.000858456250770278,0.8636624920866482,5.3629468379761426e-05,0.0008044420256964214
RQ3,informational_reach14_7_wom1,cumulative_fake_reposts,INFORMATIONAL_CAMOUFLAGE,1.0,-1.0,14.7,1.0,5.0,-1.0,0.33,30,38.3,7.940895169434868,22.05904581440341,54.54095418559658,0.8805797291466151,4.146643131215349e-05,0.0005390636070579955
RQ3,informational_reach14_7_wom1,target_unique_reposters_p400,INFORMATIONAL_CAMOUFLAGE,1.0,-1.0,14.7,1.0,5.0,-1.0,0.33,30,22.066666666666666,2.968390303879964,15.995626827752062,28.13770650558127,1.357235163952058,3.424375642438721e-08,6.163876156389698e-07
RQ3,informational_reach10_0_wom0,fake_repost_share_all,INFORMATIONAL_CAMOUFLAGE,1.0,-1.0,10.0,0.0,5.0,-1.0,0.33,30,0.0035521666666666644,0.00027632030840176917,0.0029870281812001158,0.004117305152133213,2.347036817048285,1.6709893102248997e-13,3.0077807584048194e-12
RQ3,informational_reach10_0_wom0,fake_repost_share_final100,INFORMATIONAL_CAMOUFLAGE,1.0,-1.0,10.0,0.0,5.0,-1.0,0.33,30,0.003228666666666669,0.00033085981103691983,0.0025519823737435356,0.0039053509595898027,1.7816343004973536,1.1460695968472018e-10,2.0629252743249633e-09
RQ3,informational_reach10_0_wom0,target_share_all,INFORMATIONAL_CAMOUFLAGE,1.0,-1.0,10.0,0.0,5.0,-1.0,0.33,30,0.006522,0.0005093946486232233,0.005480170965092011,0.007563829034907989,2.3375762647576916,1.8469964338505442e-13,3.3245935809309796e-12
RQ3,informational_reach10_0_wom0,target_share_final100,INFORMATIONAL_CAMOUFLAGE,1.0,-1.0,10.0,0.0,5.0,-1.0,0.33,30,0.005931333333333333,0.0005920264698441856,0.004720503248280821,0.007142163418385844,1.8291552986383648,6.325913339457624e-11,1.1386644011023723e-09
RQ3,informational_reach10_0_wom0,cumulative_fake_reposts,INFORMATIONAL_CAMOUFLAGE,1.0,-1.0,10.0,0.0,5.0,-1.0,0.33,30,710.4333333333333,55.26406168035391,597.4056362400235,823.4610304266431,2.347036817048283,1.670989310224953e-13,3.0077807584049155e-12
RQ3,informational_reach10_0_wom0,target_unique_reposters_p400,INFORMATIONAL_CAMOUFLAGE,1.0,-1.0,10.0,0.0,5.0,-1.0,0.33,30,0.0,0.0,0.0,0.0,,,
RQ3,informational_reach10_0_wom1,fake_repost_share_all,INFORMATIONAL_CAMOUFLAGE,1.0,-1.0,10.0,1.0,5.0,-1.0,0.33,30,0.00021583333333333223,4.093454498562392e-05,0.00013211278854151958,0.0002995538781251449,0.9626489099424059,1.1889585411379472e-05,0.0001664541957593126
RQ3,informational_reach10_0_wom1,fake_repost_share_final100,INFORMATIONAL_CAMOUFLAGE,1.0,-1.0,10.0,1.0,5.0,-1.0,0.33,30,0.00024533333333333053,7.156017214587922e-05,9.897634806445936e-05,0.0003916903186022017,0.6259282537809321,0.0018393018182426015,0.02575022545539642
RQ3,informational_reach10_0_wom1,target_share_all,INFORMATIONAL_CAMOUFLAGE,1.0,-1.0,10.0,1.0,5.0,-1.0,0.33,30,0.0004595,8.115203200691017e-05,0.0002935254586201655,0.0006254745413798345,1.0337737246562648,4.038463470166022e-06,4.4423098171826244e-05
RQ3,informational_reach10_0_wom1,target_share_final100,INFORMATIONAL_CAMOUFLAGE,1.0,-1.0,10.0,1.0,5.0,-1.0,0.33,30,0.0006853333333333333,0.00020068602648429126,0.0002748843232058321,0.0010957823434608344,0.6234822501144694,0.0019047738489649235,0.02285728618757908
RQ3,informational_reach10_0_wom1,cumulative_fake_reposts,INFORMATIONAL_CAMOUFLAGE,1.0,-1.0,10.0,1.0,5.0,-1.0,0.33,30,43.166666666666664,8.186908997124805,26.422557708304094,59.91077562502923,0.9626489099424086,1.1889585411378982e-05,0.00016645419575930575
RQ3,informational_reach10_0_wom1,target_unique_reposters_p400,INFORMATIONAL_CAMOUFLAGE,1.0,-1.0,10.0,1.0,5.0,-1.0,0.33,30,19.5,3.2879962804464795,12.775292544008789,26.22470745599121,1.0827860861509666,1.926836814730065e-06,3.275622585041111e-05
RQ3,informational_reach5_0_wom0,fake_repost_share_all,INFORMATIONAL_CAMOUFLAGE,1.0,-1.0,5.0,0.0,5.0,-1.0,0.33,30,0.0019159999999999973,0.00017058728847280986,0.0015671098210443643,0.0022648901789556306,2.0506342717073123,4.44129502631397e-12,7.55020154473375e-11
RQ3,informational_reach5_0_wom0,fake_repost_share_final100,INFORMATIONAL_CAMOUFLAGE,1.0,-1.0,5.0,0.0,5.0,-1.0,0.33,30,0.0015153333333333325,0.00020763514271534482,0.001090671784703455,0.00193999488196321,1.332437014197249,4.880439007880729e-08,7.808702412609166e-07
RQ3,informational_reach5_0_wom0,target_share_all,INFORMATIONAL_CAMOUFLAGE,1.0,-1.0,5.0,0.0,5.0,-1.0,0.33,30,0.003454,0.00030605840476359536,0.002828040278353646,0.004079959721646354,2.060427774762062,3.965702408194471e-12,6.741694093930601e-11
RQ3,informational_reach5_0_wom0,target_share_final100,INFORMATIONAL_CAMOUFLAGE,1.0,-1.0,5.0,0.0,5.0,-1.0,0.33,30,0.002737333333333334,0.0004484155844732288,0.0018202204879744252,0.0036544461786922424,1.114516136363964,1.196385901322671e-06,1.9142174421162735e-05
RQ3,informational_reach5_0_wom0,cumulative_fake_reposts,INFORMATIONAL_CAMOUFLAGE,1.0,-1.0,5.0,0.0,5.0,-1.0,0.33,30,383.2,34.11745769456202,313.4219642088733,452.9780357911267,2.050634271707312,4.44129502631399e-12,7.550201544733783e-11
RQ3,informational_reach5_0_wom0,target_unique_reposters_p400,INFORMATIONAL_CAMOUFLAGE,1.0,-1.0,5.0,0.0,5.0,-1.0,0.33,30,0.0,0.0,0.0,0.0,,,
RQ3,informational_reach5_0_wom1,fake_repost_share_all,INFORMATIONAL_CAMOUFLAGE,1.0,-1.0,5.0,1.0,5.0,-1.0,0.33,30,8.116666666666735e-05,3.367157412736394e-05,1.2300565164114022e-05,0.00015003276816922067,0.440102325705325,0.02249462026200469,0.1799569620960375
RQ3,informational_reach5_0_wom1,fake_repost_share_final100,INFORMATIONAL_CAMOUFLAGE,1.0,-1.0,5.0,1.0,5.0,-1.0,0.33,30,9.733333333333168e-05,6.687599320707572e-05,-3.944343032084486e-05,0.00023411009698750821,0.26572396514426494,0.15629091476436058,1.0
RQ3,informational_reach5_0_wom1,target_share_all,INFORMATIONAL_CAMOUFLAGE,1.0,-1.0,5.0,1.0,5.0,-1.0,0.33,30,0.00023133333333333334,5.10374740243801e-05,0.00012694997859909331,0.00033571668806757336,0.8275388975886097,9.278016989749817e-05,0.0008350215290774836
RQ3,informational_reach5_0_wom1,target_share_final100,INFORMATIONAL_CAMOUFLAGE,1.0,-1.0,5.0,1.0,5.0,-1.0,0.33,30,0.00023866666666666662,7.391161751081581e-05,8.750043563557157e-05,0.00038983289769776167,0.5895469997833125,0.003080498456278004,0.030804984562780042
RQ3,informational_reach5_0_wom1,cumulative_fake_reposts,INFORMATIONAL_CAMOUFLAGE,1.0,-1.0,5.0,1.0,5.0,-1.0,0.33,30,16.233333333333334,6.734314825472771,2.4601130328227026,30.006553633843964,0.4401023257053224,0.022494620262005417,0.17995696209604334
RQ3,informational_reach5_0_wom1,target_unique_reposters_p400,INFORMATIONAL_CAMOUFLAGE,1.0,-1.0,5.0,1.0,5.0,-1.0,0.33,30,11.466666666666667,2.3923889533716207,6.5736818637201955,16.359651469613137,0.8750739832493447,4.508825687772352e-05,0.0006763238531658528
RQ3,informational_reach1_0_wom0,fake_repost_share_all,INFORMATIONAL_CAMOUFLAGE,1.0,-1.0,1.0,0.0,5.0,-1.0,0.33,30,0.0004686666666666649,0.00013630656230425296,0.00018988844502479868,0.0007474448883085312,0.6277499310979677,0.0017919591360881569,0.01791959136088157
RQ3,informational_reach1_0_wom0,fake_repost_share_final100,INFORMATIONAL_CAMOUFLAGE,1.0,-1.0,1.0,0.0,5.0,-1.0,0.33,30,0.00047066666666666784,0.00014094176944922724,0.0001824083819744749,0.0007589249513588608,0.6096956480833895,0.0023180110072009916,0.03013414309361289
RQ3,informational_reach1_0_wom0,target_share_all,INFORMATIONAL_CAMOUFLAGE,1.0,-1.0,1.0,0.0,5.0,-1.0,0.33,30,0.0007991666666666667,0.00024590801515141547,0.0002962283048409739,0.0013021050284923595,0.5933405766515614,0.0029206068781273084,0.020444248146891157
RQ3,informational_reach1_0_wom0,target_share_final100,INFORMATIONAL_CAMOUFLAGE,1.0,-1.0,1.0,0.0,5.0,-1.0,0.33,30,0.0007166666666666666,0.0002604330316697065,0.00018402131050529783,0.0012493120228280353,0.5024125870013804,0.010110524387433963,0.07749755004904135
RQ3,informational_reach1_0_wom0,cumulative_fake_reposts,INFORMATIONAL_CAMOUFLAGE,1.0,-1.0,1.0,0.0,5.0,-1.0,0.33,30,93.73333333333333,27.261312460850498,37.977689004960276,149.4889776617064,0.6277499310979722,0.0017919591360880459,0.01791959136088046
RQ3,informational_reach1_0_wom0,target_unique_reposters_p400,INFORMATIONAL_CAMOUFLAGE,1.0,-1.0,1.0,0.0,5.0,-1.0,0.33,30,0.0,0.0,0.0,0.0,,,
RQ3,informational_reach1_0_wom1,fake_repost_share_all,INFORMATIONAL_CAMOUFLAGE,1.0,-1.0,1.0,1.0,5.0,-1.0,0.33,30,1.9666666666666442e-05,1.3929075959593204e-05,-8.821492373411603e-06,4.815482570674449e-05,0.25777917107869025,0.16861590974364904,1.0
RQ3,informational_reach1_0_wom1,fake_repost_share_final100,INFORMATIONAL_CAMOUFLAGE,1.0,-1.0,1.0,1.0,5.0,-1.0,0.33,30,6.866666666666572e-05,3.335194882494077e-05,4.542723070038833e-07,0.00013687906102632756,0.3758928998865149,0.04859016657180467,0.47037578416805
RQ3,informational_reach1_0_wom1,target_share_all,INFORMATIONAL_CAMOUFLAGE,1.0,-1.0,1.0,1.0,5.0,-1.0,0.33,30,4.116666666666668e-05,1.6091840106329137e-05,8.255158284742465e-06,7.40781750485909e-05,0.467067196824411,0.016006943732735014,0.09604166239641009
RQ3,informational_reach1_0_wom1,target_share_final100,INFORMATIONAL_CAMOUFLAGE,1.0,-1.0,1.0,1.0,5.0,-1.0,0.33,30,9.933333333333334e-05,3.47401961142081e-05,2.8281654467051594e-05,0.00017038501219961507,0.522037998864328,0.007786605823242977,0.0700794524091868
RQ3,informational_reach1_0_wom1,cumulative_fake_reposts,INFORMATIONAL_CAMOUFLAGE,1.0,-1.0,1.0,1.0,5.0,-1.0,0.33,30,3.933333333333333,2.7858151919186787,-1.7642984746823536,9.63096514134902,0.25777917107868964,0.16861590974364987,1.0
RQ3,informational_reach1_0_wom1,target_unique_reposters_p400,INFORMATIONAL_CAMOUFLAGE,1.0,-1.0,1.0,1.0,5.0,-1.0,0.33,30,1.9666666666666666,0.6737838483738698,0.5886239675821814,3.344709365751152,0.5329046790631465,0.006726513846821224,0.09417119385549713
RQ3,informational_reach0_0_wom0,fake_repost_share_all,INFORMATIONAL_CAMOUFLAGE,1.0,-1.0,0.0,0.0,5.0,-1.0,0.33,30,0.0,0.0,0.0,0.0,,,
RQ3,informational_reach0_0_wom0,fake_repost_share_final100,INFORMATIONAL_CAMOUFLAGE,1.0,-1.0,0.0,0.0,5.0,-1.0,0.33,30,0.0,0.0,0.0,0.0,,,
RQ3,informational_reach0_0_wom0,target_share_all,INFORMATIONAL_CAMOUFLAGE,1.0,-1.0,0.0,0.0,5.0,-1.0,0.33,30,0.0,0.0,0.0,0.0,,,
RQ3,informational_reach0_0_wom0,target_share_final100,INFORMATIONAL_CAMOUFLAGE,1.0,-1.0,0.0,0.0,5.0,-1.0,0.33,30,0.0,0.0,0.0,0.0,,,
RQ3,informational_reach0_0_wom0,cumulative_fake_reposts,INFORMATIONAL_CAMOUFLAGE,1.0,-1.0,0.0,0.0,5.0,-1.0,0.33,30,0.0,0.0,0.0,0.0,,,
RQ3,informational_reach0_0_wom0,target_unique_reposters_p400,INFORMATIONAL_CAMOUFLAGE,1.0,-1.0,0.0,0.0,5.0,-1.0,0.33,30,0.0,0.0,0.0,0.0,,,
RQ3,informational_reach0_0_wom1,fake_repost_share_all,INFORMATIONAL_CAMOUFLAGE,1.0,-1.0,0.0,1.0,5.0,-1.0,0.33,30,0.0,0.0,0.0,0.0,,,
RQ3,informational_reach0_0_wom1,fake_repost_share_final100,INFORMATIONAL_CAMOUFLAGE,1.0,-1.0,0.0,1.0,5.0,-1.0,0.33,30,0.0,0.0,0.0,0.0,,,
RQ3,informational_reach0_0_wom1,target_share_all,INFORMATIONAL_CAMOUFLAGE,1.0,-1.0,0.0,1.0,5.0,-1.0,0.33,30,0.0,0.0,0.0,0.0,,,
RQ3,informational_reach0_0_wom1,target_share_final100,INFORMATIONAL_CAMOUFLAGE,1.0,-1.0,0.0,1.0,5.0,-1.0,0.33,30,0.0,0.0,0.0,0.0,,,
RQ3,informational_reach0_0_wom1,cumulative_fake_reposts,INFORMATIONAL_CAMOUFLAGE,1.0,-1.0,0.0,1.0,5.0,-1.0,0.33,30,0.0,0.0,0.0,0.0,,,
RQ3,informational_reach0_0_wom1,target_unique_reposters_p400,INFORMATIONAL_CAMOUFLAGE,1.0,-1.0,0.0,1.0,5.0,-1.0,0.33,30,0.0,0.0,0.0,0.0,,,
RQ4,credibility_c3_window25,fake_repost_share_all,CREDIBILITY_CAMOUFLAGE,1.0,-1.0,,1.0,3.0,25.0,-1.0,15,0.0014500000000000032,0.00016520838212333522,0.001095663261289436,0.0018043367387105703,2.2661585648474376,4.5825339665399006e-07,5.040787363193891e-06
RQ4,credibility_c3_window25,fake_repost_share_final100,CREDIBILITY_CAMOUFLAGE,1.0,-1.0,,1.0,3.0,25.0,-1.0,15,-0.00012266666666666722,0.00014736888172741034,-0.0004387414824089502,0.00019340814907561576,-0.21491916591253857,0.4191684044916408,1.0
RQ4,credibility_c3_window25,target_share_all,CREDIBILITY_CAMOUFLAGE,1.0,-1.0,,1.0,3.0,25.0,-1.0,15,0.0026813333333333333,0.0001381368081931017,0.002385059346009314,0.002977607320657353,5.011823414516207,1.6123162641113473e-11,1.4510846377002124e-10
RQ4,credibility_c3_window25,target_share_final100,CREDIBILITY_CAMOUFLAGE,1.0,-1.0,,1.0,3.0,25.0,-1.0,15,0.0,0.0,0.0,0.0,,,
RQ4,credibility_c3_window25,cumulative_fake_reposts,CREDIBILITY_CAMOUFLAGE,1.0,-1.0,,1.0,3.0,25.0,-1.0,15,290.0,33.04167642466679,219.13265225788712,360.8673477421129,2.2661585648474505,4.582533966539592e-07,5.040787363193551e-06
RQ4,credibility_c3_window25,target_unique_reposters_p400,CREDIBILITY_CAMOUFLAGE,1.0,-1.0,,1.0,3.0,25.0,-1.0,15,0.7333333333333333,0.7397983423214648,-0.8533763030214029,2.3200429696880693,0.25594252061594236,0.33838225782504516,0.6767645156500903
RQ4,credibility_c3_half0_33,fake_repost_share_all,CREDIBILITY_CAMOUFLAGE,1.0,-1.0,,1.0,3.0,-1.0,0.33,15,-0.00011733333333332762,8.190712898019257e-05,-0.0002930066532156112,5.8339986548955984e-05,-0.3698742316352588,0.1739457189124082,0.5218371567372246
RQ4,credibility_c3_half0_33,fake_repost_share_final100,CREDIBILITY_CAMOUFLAGE,1.0,-1.0,,1.0,3.0,-1.0,0.33,15,1.7333333333330313e-05,0.00012176271486033174,-0.00024382171658384057,0.0002784883832505012,0.03675548321517733,0.888829255726706,1.0
RQ4,credibility_c3_half0_33,target_share_all,CREDIBILITY_CAMOUFLAGE,1.0,-1.0,,1.0,3.0,-1.0,0.33,15,0.00043266666666666627,0.0001072712035502124,0.00020259281729524965,0.0006627405160380829,1.0414169811346083,0.0012326909011867737,0.0036980727035603213
RQ4,credibility_c3_half0_33,target_share_final100,CREDIBILITY_CAMOUFLAGE,1.0,-1.0,,1.0,3.0,-1.0,0.33,15,0.00040533333333333355,0.00017694192393111487,2.583065035131367e-05,0.0007848360163153535,0.5914743906872318,0.03800933750504049,0.4181027125554454
RQ4,credibility_c3_half0_33,cumulative_fake_reposts,CREDIBILITY_CAMOUFLAGE,1.0,-1.0,,1.0,3.0,-1.0,0.33,15,-23.466666666666665,16.38142579603836,-58.60133064312305,11.667997309789722,-0.3698742316352802,0.17394571891238467,0.521837156737154
RQ4,credibility_c3_half0_33,target_unique_reposters_p400,CREDIBILITY_CAMOUFLAGE,1.0,-1.0,,1.0,3.0,-1.0,0.33,15,3.533333333333333,1.0041185030931201,1.3797133348072568,5.68695333185941,0.9085608331715976,0.0034053026400989966,0.027242421120791973
RQ4,credibility_c3_half1,fake_repost_share_all,CREDIBILITY_CAMOUFLAGE,1.0,-1.0,,1.0,3.0,-1.0,1.0,15,0.00036799999999999886,0.00016448462078927185,1.5215574963960512e-05,0.0007207844250360372,0.5776661123150565,0.04204884068408743,0.16819536273634972
RQ4,credibility_c3_half1,fake_repost_share_final100,CREDIBILITY_CAMOUFLAGE,1.0,-1.0,,1.0,3.0,-1.0,1.0,15,0.0,0.0,0.0,0.0,,,
RQ4,credibility_c3_half1,target_share_all,CREDIBILITY_CAMOUFLAGE,1.0,-1.0,,1.0,3.0,-1.0,1.0,15,0.0013986666666666665,0.0001602516374380845,0.0010549610879724326,0.0017423722453609005,2.253544401998546,4.899161374996728e-07,2.4495806874983643e-06
RQ4,credibility_c3_half1,target_share_final100,CREDIBILITY_CAMOUFLAGE,1.0,-1.0,,1.0,3.0,-1.0,1.0,15,0.0,0.0,0.0,0.0,,,
RQ4,credibility_c3_half1,cumulative_fake_reposts,CREDIBILITY_CAMOUFLAGE,1.0,-1.0,,1.0,3.0,-1.0,1.0,15,73.6,32.896924157854315,3.0431149927924537,144.15688500720753,0.5776661123150593,0.04204884068408661,0.16819536273634644
RQ4,credibility_c3_half1,target_unique_reposters_p400,CREDIBILITY_CAMOUFLAGE,1.0,-1.0,,1.0,3.0,-1.0,1.0,15,11.6,2.4491009040248297,6.347200983680086,16.852799016319914,1.2229414950380109,0.0003184978267855697,0.0035034760946412668
RQ4,credibility_c3_half5,fake_repost_share_all,CREDIBILITY_CAMOUFLAGE,1.0,-1.0,,1.0,3.0,-1.0,5.0,15,0.0007663333333333346,0.00018372693678823322,0.00037227824509801613,0.001160388421568653,1.076959205339456,0.0009421468308619061,0.006595027816033343
RQ4,credibility_c3_half5,fake_repost_share_final100,CREDIBILITY_CAMOUFLAGE,1.0,-1.0,,1.0,3.0,-1.0,5.0,15,-0.00011333333333333288,0.00010178720411051176,-0.00033164517370993087,0.0001049785070432651,-0.2874874213682177,0.28427423542033153,1.0
RQ4,credibility_c3_half5,target_share_all,CREDIBILITY_CAMOUFLAGE,1.0,-1.0,,1.0,3.0,-1.0,5.0,15,0.002195,0.00012245601737144722,0.0019323579640862887,0.002457642035913711,4.6281642597921495,4.721579990990746e-11,3.777263992792597e-10
RQ4,credibility_c3_half5,target_share_final100,CREDIBILITY_CAMOUFLAGE,1.0,-1.0,,1.0,3.0,-1.0,5.0,15,-7.99999999999999e-06,5.070174224488412e-05,-0.0001167444218210672,0.00010074442182106722,-0.04074004218633547,0.8768789965480499,1.0
RQ4,credibility_c3_half5,cumulative_fake_reposts,CREDIBILITY_CAMOUFLAGE,1.0,-1.0,,1.0,3.0,-1.0,5.0,15,153.26666666666668,36.745387357646564,74.45564901960316,232.0776843137302,1.0769592053394568,0.0009421468308619012,0.0065950278160333085
RQ4,credibility_c3_half5,target_unique_reposters_p400,CREDIBILITY_CAMOUFLAGE,1.0,-1.0,,1.0,3.0,-1.0,5.0,15,9.133333333333333,1.3831181703006696,6.166839893855227,12.09982677281144,1.7050000332543984,1.1827189434961108e-05,0.0001419262732195333
RQ4,credibility_c5_window25,fake_repost_share_all,CREDIBILITY_CAMOUFLAGE,1.0,-1.0,,1.0,5.0,25.0,-1.0,15,0.0013906666666666622,0.00018014932078078445,0.0010042848016186016,0.0017770485317147229,1.9931720407575217,2.0696029696371968e-06,2.069602969637197e-05
RQ4,credibility_c5_window25,fake_repost_share_final100,CREDIBILITY_CAMOUFLAGE,1.0,-1.0,,1.0,5.0,25.0,-1.0,15,-0.00013733333333333837,0.00014631820075785445,-0.0004511546625188693,0.00017648799585219256,-0.2423438369818888,0.3638512596149062,1.0
RQ4,credibility_c5_window25,target_share_all,CREDIBILITY_CAMOUFLAGE,1.0,-1.0,,1.0,5.0,25.0,-1.0,15,0.0029543333333333327,0.00012410716055726725,0.002688149947494828,0.003220516719171837,6.146346296092334,1.0027269419009772e-12,1.2032723302811727e-11
RQ4,credibility_c5_window25,target_share_final100,CREDIBILITY_CAMOUFLAGE,1.0,-1.0,,1.0,5.0,25.0,-1.0,15,0.0,0.0,0.0,0.0,,,
RQ4,credibility_c5_window25,cumulative_fake_reposts,CREDIBILITY_CAMOUFLAGE,1.0,-1.0,,1.0,5.0,25.0,-1.0,15,278.1333333333333,36.029864156156776,200.85696032372144,355.40970634294524,1.9931720407575344,2.06960296963705e-06,2.0696029696370498e-05
RQ4,credibility_c5_window25,target_unique_reposters_p400,CREDIBILITY_CAMOUFLAGE,1.0,-1.0,,1.0,5.0,25.0,-1.0,15,0.9333333333333333,0.5020592515465601,-0.14347666592970487,2.0101433325963716,0.479994402430278,0.08417192095063926,0.2525157628519178
RQ4,credibility_c5_half0_33,fake_repost_share_all,CREDIBILITY_CAMOUFLAGE,1.0,-1.0,,1.0,5.0,-1.0,0.33,15,0.00023600000000000194,0.0003028924844608337,-0.00041363976854194454,0.0008856397685419484,0.2011767907969003,0.4488596615918977,0.8977193231837954
RQ4,credibility_c5_half0_33,fake_repost_share_final100,CREDIBILITY_CAMOUFLAGE,1.0,-1.0,,1.0,5.0,-1.0,0.33,15,6.933333333333375e-05,0.00011828724790049462,-0.00018436758131408032,0.0003230342479807478,0.1513416704410599,0.5671095400299396,1.0
RQ4,credibility_c5_half0_33,target_share_all,CREDIBILITY_CAMOUFLAGE,1.0,-1.0,,1.0,5.0,-1.0,0.33,15,0.0008499999999999998,0.00022513435142260325,0.0003671348400757917,0.001332865159924208,0.9748359364010074,0.0020474425282749056,0.004094885056549811
RQ4,credibility_c5_half0_33,target_share_final100,CREDIBILITY_CAMOUFLAGE,1.0,-1.0,,1.0,5.0,-1.0,0.33,15,0.000404,0.00014906949481941056,8.427773193669621e-05,0.0007237222680633038,0.6997565235209372,0.016917090914123616,0.20300509096948338
RQ4,credibility_c5_half0_33,cumulative_fake_reposts,CREDIBILITY_CAMOUFLAGE,1.0,-1.0,,1.0,5.0,-1.0,0.33,15,47.2,60.57849689216699,-82.72795370838982,177.12795370838984,0.20117679079689785,0.44885966159190305,0.8977193231838061
RQ4,credibility_c5_half0_33,target_unique_reposters_p400,CREDIBILITY_CAMOUFLAGE,1.0,-1.0,,1.0,5.0,-1.0,0.33,15,3.4,0.8496497877977501,1.5776824457391985,5.222317554260801,1.0332212609806672,0.0013118012605310213,0.013118012605310213
RQ4,credibility_c5_half1,fake_repost_share_all,CREDIBILITY_CAMOUFLAGE,1.0,-1.0,,1.0,5.0,-1.0,1.0,15,0.0005433333333333336,0.00013487530984709258,0.00025405456424450033,0.0008326121024221668,1.0401315377020062,0.0012447692950519548,0.007468615770311729
RQ4,credibility_c5_half1,fake_repost_share_final100,CREDIBILITY_CAMOUFLAGE,1.0,-1.0,,1.0,5.0,-1.0,1.0,15,6.666666666666857e-06,6.666666666666857e-06,-7.631911252785576e-06,2.0965244586119292e-05,0.2581988897471611,0.3342819433946576,1.0
RQ4,credibility_c5_half1,target_share_all,CREDIBILITY_CAMOUFLAGE,1.0,-1.0,,1.0,5.0,-1.0,1.0,15,0.001265666666666667,0.00016548620045092144,0.0009107340669054333,0.0016205992664279005,1.9747491164391167,2.302425240986046e-06,9.209700963944185e-06
RQ4,credibility_c5_half1,target_share_final100,CREDIBILITY_CAMOUFLAGE,1.0,-1.0,,1.0,5.0,-1.0,1.0,15,4e-06,4e-06,-4.579146751671215e-06,1.2579146751671215e-05,0.2581988897471611,0.3342819433946576,1.0
RQ4,credibility_c5_half1,cumulative_fake_reposts,CREDIBILITY_CAMOUFLAGE,1.0,-1.0,,1.0,5.0,-1.0,1.0,15,108.66666666666667,26.975061969418498,50.81091284890006,166.52242048443327,1.0401315377020064,0.0012447692950519548,0.007468615770311729
RQ4,credibility_c5_half1,target_unique_reposters_p400,CREDIBILITY_CAMOUFLAGE,1.0,-1.0,,1.0,5.0,-1.0,1.0,15,10.066666666666666,2.6321576640190014,4.421249948377889,15.712083384955445,0.9874796606292217,0.0018587441491023553,0.016728697341921197
RQ4,credibility_c5_half5,fake_repost_share_all,CREDIBILITY_CAMOUFLAGE,1.0,-1.0,,1.0,5.0,-1.0,5.0,15,0.0010396666666666712,0.0001771234884444478,0.0006597745665334566,0.0014195587667998858,1.5155572047388786,4.076664605375051e-05,0.0003261331684300041
RQ4,credibility_c5_half5,fake_repost_share_final100,CREDIBILITY_CAMOUFLAGE,1.0,-1.0,,1.0,5.0,-1.0,5.0,15,0.00011466666666666801,6.956919588347315e-05,-3.454441855335129e-05,0.00026387775188668733,0.42557349770050856,0.12155467524924476,1.0
RQ4,credibility_c5_half5,target_share_all,CREDIBILITY_CAMOUFLAGE,1.0,-1.0,,1.0,5.0,-1.0,5.0,15,0.001924,0.00012030833403424406,0.0016659642867177847,0.002182035713282215,4.129179145080158,2.174557585249823e-10,1.5221903096748763e-09
RQ4,credibility_c5_half5,target_share_final100,CREDIBILITY_CAMOUFLAGE,1.0,-1.0,,1.0,5.0,-1.0,5.0,15,7.466666666666666e-05,3.7465751556355305e-05,-5.68937852423994e-06,0.00015502271185757326,0.5145726332342699,0.06613422540976206,0.5952080286878586
RQ4,credibility_c5_half5,cumulative_fake_reposts,CREDIBILITY_CAMOUFLAGE,1.0,-1.0,,1.0,5.0,-1.0,5.0,15,207.93333333333334,35.4246976888894,131.95491330669074,283.91175335997593,1.5155572047388788,4.0766646053750417e-05,0.00032613316843000333
RQ4,credibility_c5_half5,target_unique_reposters_p400,CREDIBILITY_CAMOUFLAGE,1.0,-1.0,,1.0,5.0,-1.0,5.0,15,3.8,1.0832051206181281,1.4767560770138397,6.12324392298616,0.9057894597833126,0.003478707652273748,0.027242421120791973
RQ4,credibility_c10_window25,fake_repost_share_all,CREDIBILITY_CAMOUFLAGE,1.0,-1.0,,1.0,10.0,25.0,-1.0,15,0.0012719999999999973,0.00010130200016828658,0.001054728818579609,0.0014892711814203856,3.2420780163549585,5.21583702818867e-09,6.259004433826404e-08
RQ4,credibility_c10_window25,fake_repost_share_final100,CREDIBILITY_CAMOUFLAGE,1.0,-1.0,,1.0,10.0,25.0,-1.0,15,-2.666666666666743e-05,0.00011541505499992221,-0.00027420734021580176,0.00022087400688246693,-0.05965689421190156,0.8206183640247904,1.0
RQ4,credibility_c10_window25,target_share_all,CREDIBILITY_CAMOUFLAGE,1.0,-1.0,,1.0,10.0,25.0,-1.0,15,0.0027413333333333326,0.000123190200084363,0.00247711663211046,0.003005550034556205,5.745661770244951,2.5185896354635644e-12,2.7704485990099207e-11
RQ4,credibility_c10_window25,target_share_final100,CREDIBILITY_CAMOUFLAGE,1.0,-1.0,,1.0,10.0,25.0,-1.0,15,5.333333333333334e-06,5.3333333333333345e-06,-6.10552900222829e-06,1.6772195668894957e-05,0.2581988897471611,0.3342819433946576,1.0
RQ4,credibility_c10_window25,cumulative_fake_reposts,CREDIBILITY_CAMOUFLAGE,1.0,-1.0,,1.0,10.0,25.0,-1.0,15,254.4,20.260400033657024,210.945763715923,297.85423628407705,3.2420780163550122,5.21583702818756e-09,6.259004433825073e-08
RQ4,credibility_c10_window25,target_unique_reposters_p400,CREDIBILITY_CAMOUFLAGE,1.0,-1.0,,1.0,10.0,25.0,-1.0,15,-0.8666666666666667,0.33617833513757694,-1.5876974846361118,-0.14563584869722157,-0.6656359072711516,0.021894463147115805,0.10947231573557903
RQ4,credibility_c10_half0_33,fake_repost_share_all,CREDIBILITY_CAMOUFLAGE,1.0,-1.0,,1.0,10.0,-1.0,0.33,15,0.00019800000000000189,0.002183771573611646,-0.004485724200535572,0.004881724200535576,0.023410589636620106,0.9290402169803811,0.9290402169803811
RQ4,credibility_c10_half0_33,fake_repost_share_final100,CREDIBILITY_CAMOUFLAGE,1.0,-1.0,,1.0,10.0,-1.0,0.33,15,0.0005319999999999963,0.0005300451014053499,-0.0006048336774902406,0.0016688336774902334,0.25915117219514094,0.3325621467046913,1.0
RQ4,credibility_c10_half0_33,target_share_all,CREDIBILITY_CAMOUFLAGE,1.0,-1.0,,1.0,10.0,-1.0,0.33,15,0.0010323333333333339,0.0006753573774688385,-0.0004161641794489105,0.0024808308461155785,0.39467595884513973,0.14864552460931013,0.14864552460931013
RQ4,credibility_c10_half0_33,target_share_final100,CREDIBILITY_CAMOUFLAGE,1.0,-1.0,,1.0,10.0,-1.0,0.33,15,0.001336,0.0006396969520610447,-3.601350708212227e-05,0.0027080135070821224,0.5392455217909012,0.05550168676475653,0.5550168676475653
RQ4,credibility_c10_half0_33,cumulative_fake_reposts,CREDIBILITY_CAMOUFLAGE,1.0,-1.0,,1.0,10.0,-1.0,0.33,15,39.6,436.7543147223293,-897.1448401071148,976.3448401071148,0.023410589636619884,0.9290402169803818,0.9290402169803818
RQ4,credibility_c10_half0_33,target_unique_reposters_p400,CREDIBILITY_CAMOUFLAGE,1.0,-1.0,,1.0,10.0,-1.0,0.33,15,4.933333333333334,1.6916226829843886,1.3051635218886175,8.56150314477805,0.7529936801108049,0.011272217016528498,0.06763330209917098
RQ4,credibility_c10_half1,fake_repost_share_all,CREDIBILITY_CAMOUFLAGE,1.0,-1.0,,1.0,10.0,-1.0,1.0,15,0.0003390000000000018,9.143850392476894e-05,0.0001428839140190375,0.000535116085980966,0.9572490785315445,0.002342701879911822,0.011713509399559112
RQ4,credibility_c10_half1,fake_repost_share_final100,CREDIBILITY_CAMOUFLAGE,1.0,-1.0,,1.0,10.0,-1.0,1.0,15,0.0,0.0,0.0,0.0,,,
RQ4,credibility_c10_half1,target_share_all,CREDIBILITY_CAMOUFLAGE,1.0,-1.0,,1.0,10.0,-1.0,1.0,15,0.000962333333333333,6.647746962884468e-05,0.0008197533414269269,0.0011049133252397391,3.73770842393102,8.13864270662033e-10,4.883185623972198e-09
RQ4,credibility_c10_half1,target_share_final100,CREDIBILITY_CAMOUFLAGE,1.0,-1.0,,1.0,10.0,-1.0,1.0,15,0.0,0.0,0.0,0.0,,,
RQ4,credibility_c10_half1,cumulative_fake_reposts,CREDIBILITY_CAMOUFLAGE,1.0,-1.0,,1.0,10.0,-1.0,1.0,15,67.8,18.287700784953802,28.576782803807106,107.02321719619289,0.9572490785315386,0.002342701879911925,0.011713509399559625
RQ4,credibility_c10_half1,target_unique_reposters_p400,CREDIBILITY_CAMOUFLAGE,1.0,-1.0,,1.0,10.0,-1.0,1.0,15,5.266666666666667,2.172263832670921,0.6076241157087674,9.925709217624565,0.6260047539113635,0.029451995344967678,0.11780798137987071
RQ4,credibility_c10_half5,fake_repost_share_all,CREDIBILITY_CAMOUFLAGE,1.0,-1.0,,1.0,10.0,-1.0,5.0,15,0.000725666666666669,0.0001019335295398155,0.0005070409894571965,0.0009442923438761414,1.838122632520749,5.180184284750024e-06,4.662165856275022e-05
RQ4,credibility_c10_half5,fake_repost_share_final100,CREDIBILITY_CAMOUFLAGE,1.0,-1.0,,1.0,10.0,-1.0,5.0,15,-5.199999999999927e-05,5.6325584138749775e-05,-0.000172806363049984,6.880636304998545e-05,-0.23837022681874678,0.3715390417221221,1.0
RQ4,credibility_c10_half5,target_share_all,CREDIBILITY_CAMOUFLAGE,1.0,-1.0,,1.0,10.0,-1.0,5.0,15,0.0018133333333333332,8.54423596666011e-05,0.001630077697736122,0.0019965889689305444,5.479725223356656,4.803013667583841e-12,4.8030136675838415e-11
RQ4,credibility_c10_half5,target_share_final100,CREDIBILITY_CAMOUFLAGE,1.0,-1.0,,1.0,10.0,-1.0,5.0,15,3.2e-05,2.7101221198982725e-05,-2.6126338453893933e-05,9.012633845389392e-05,0.30487055956796855,0.2573707592199188,1.0
RQ4,credibility_c10_half5,cumulative_fake_reposts,CREDIBILITY_CAMOUFLAGE,1.0,-1.0,,1.0,10.0,-1.0,5.0,15,145.13333333333333,20.386705907963105,101.40819789143882,188.85846877522783,1.8381226325207425,5.18018428475022e-06,4.662165856275198e-05
RQ4,credibility_c10_half5,target_unique_reposters_p400,CREDIBILITY_CAMOUFLAGE,1.0,-1.0,,1.0,10.0,-1.0,5.0,15,-0.2,0.8847921466972585,-2.097690417810497,1.6976904178104968,-0.058363739034294745,0.8244356730279195,0.8244356730279195
